Product_ID,Date,Market_Price,Quantity,Revenue ($)
1,1/1/2024,1187,22,26114
1,1/2/2024,851,36,30636
1,1/3/2024,932,33,30756
1,1/4/2024,844,36,30384
1,1/5/2024,996,30,29880
1,1/6/2024,1172,23,26956
1,1/7/2024,1439,12,17268
1,1/8/2024,1042,28,29176
1,1/9/2024,1004,30,30120
1,1/10/2024,1178,23,27094
1,1/11/2024,999,30,29970
1,1/12/2024,1198,22,26356
1,1/13/2024,934,33,30822
1,1/14/2024,1343,16,21488
1,1/15/2024,1045,28,29260
1,1/16/2024,1343,16,21488
1,1/17/2024,809,38,30742
1,1/18/2024,1437,12,17244
1,1/19/2024,1023,29,29667
1,1/20/2024,1228,21,25788
1,1/21/2024,1355,16,21680
1,1/22/2024,1231,21,25851
1,1/23/2024,1476,11,16236
1,1/24/2024,894,34,30396
1,1/25/2024,1156,24,27744
1,1/26/2024,939,32,30048
1,1/27/2024,824,37,30488
1,1/28/2024,1105,26,28730
1,1/29/2024,1415,13,18395
1,1/30/2024,972,31,30132
1,1/31/2024,1110,26,28860
1,2/1/2024,894,34,30396
1,2/2/2024,808,38,30704
1,2/3/2024,1429,13,18577
1,2/4/2024,1115,25,27875
1,2/5/2024,1114,25,27850
1,2/6/2024,1419,13,18447
1,2/7/2024,1432,12,17184
1,2/8/2024,828,37,30636
1,2/9/2024,1395,14,19530
1,2/10/2024,848,36,30528
1,2/11/2024,833,37,30821
1,2/12/2024,851,36,30636
1,2/13/2024,993,30,29790
1,2/14/2024,1277,19,24263
1,2/15/2024,936,33,30888
1,2/16/2024,863,36,31068
1,2/17/2024,1343,16,21488
1,2/18/2024,1012,30,30360
1,2/19/2024,1329,17,22593
1,2/20/2024,1393,14,19502
1,2/21/2024,1329,17,22593
1,2/22/2024,1077,27,29079
1,2/23/2024,1028,29,29812
1,2/24/2024,1211,21,25431
1,2/25/2024,1144,24,27456
1,2/26/2024,806,38,30628
1,2/27/2024,1174,23,27002
1,2/28/2024,826,37,30562
1,2/29/2024,1099,26,28574
1,3/1/2024,1459,11,16049
1,3/2/2024,1339,16,21424
1,3/3/2024,1453,12,17436
1,3/4/2024,1154,24,27696
1,3/5/2024,1279,19,24301
1,3/6/2024,1009,30,30270
1,3/7/2024,1179,23,27117
1,3/8/2024,1460,11,16060
1,3/9/2024,860,36,30960
1,3/10/2024,1127,25,28175
1,3/11/2024,1195,22,26290
1,3/12/2024,1210,21,25410
1,3/13/2024,1014,29,29406
1,3/14/2024,1044,28,29232
1,3/15/2024,850,36,30600
1,3/16/2024,1429,13,18577
1,3/17/2024,1187,22,26114
1,3/18/2024,1112,25,27800
1,3/19/2024,987,31,30597
1,3/20/2024,1316,17,22372
1,3/21/2024,838,37,31006
1,3/22/2024,1192,22,26224
1,3/23/2024,1245,20,24900
1,3/24/2024,952,32,30464
1,3/25/2024,1436,12,17232
1,3/26/2024,1105,26,28730
1,3/27/2024,1259,19,23921
1,3/28/2024,1128,25,28200
1,3/29/2024,1057,28,29596
1,3/30/2024,1420,13,18460
1,3/31/2024,1162,23,26726
1,4/1/2024,815,38,30970
1,4/2/2024,1096,26,28496
1,4/3/2024,1246,20,24920
1,4/4/2024,1063,27,28701
1,4/5/2024,1082,27,29214
1,4/6/2024,1154,24,27696
1,4/7/2024,1391,14,19474
1,4/8/2024,1290,18,23220
1,4/9/2024,1478,11,16258
1,4/10/2024,1131,25,28275
1,4/11/2024,882,35,30870
1,4/12/2024,805,38,30590
1,4/13/2024,892,34,30328
1,4/14/2024,1364,15,20460
1,4/15/2024,814,38,30932
1,4/16/2024,1092,26,28392
1,4/17/2024,815,38,30970
1,4/18/2024,828,37,30636
1,4/19/2024,901,34,30634
1,4/20/2024,1290,18,23220
1,4/21/2024,1071,27,28917
1,4/22/2024,1358,15,20370
1,4/23/2024,1404,14,19656
1,4/24/2024,1217,21,25557
1,4/25/2024,1068,27,28836
1,4/26/2024,1091,26,28366
1,4/27/2024,820,37,30340
1,4/28/2024,912,34,31008
1,4/29/2024,1148,24,27552
1,4/30/2024,1217,21,25557
1,5/1/2024,1027,29,29783
1,5/2/2024,1302,18,23436
1,5/3/2024,1230,21,25830
1,5/4/2024,1013,29,29377
1,5/5/2024,895,34,30430
1,5/6/2024,808,38,30704
1,5/7/2024,1199,22,26378
1,5/8/2024,1323,17,22491
1,5/9/2024,1156,24,27744
1,5/10/2024,1001,30,30030
1,5/11/2024,988,30,29640
1,5/12/2024,1228,21,25788
1,5/13/2024,1220,21,25620
1,5/14/2024,1306,18,23508
1,5/15/2024,826,37,30562
1,5/16/2024,1289,18,23202
1,5/17/2024,948,32,30336
1,5/18/2024,1359,15,20385
1,5/19/2024,1468,11,16148
1,5/20/2024,995,30,29850
1,5/21/2024,812,38,30856
1,5/22/2024,1354,16,21664
1,5/23/2024,1148,24,27552
1,5/24/2024,1324,17,22508
1,5/25/2024,1277,19,24263
1,5/26/2024,1336,16,21376
1,5/27/2024,1059,28,29652
1,5/28/2024,1458,11,16038
1,5/29/2024,1383,14,19362
1,5/30/2024,1007,30,30210
1,5/31/2024,1302,18,23436
1,6/1/2024,967,31,29977
1,6/2/2024,809,38,30742
1,6/3/2024,1348,16,21568
1,6/4/2024,850,36,30600
1,6/5/2024,1210,21,25410
1,6/6/2024,1010,30,30300
1,6/7/2024,846,36,30456
1,6/8/2024,1123,25,28075
1,6/9/2024,1371,15,20565
1,6/10/2024,1236,20,24720
1,6/11/2024,1029,29,29841
1,6/12/2024,845,36,30420
1,6/13/2024,1428,13,18564
1,6/14/2024,935,33,30855
1,6/15/2024,1086,26,28236
1,6/16/2024,1297,18,23346
1,6/17/2024,1345,16,21520
1,6/18/2024,890,34,30260
1,6/19/2024,1332,16,21312
1,6/20/2024,1100,26,28600
1,6/21/2024,982,31,30442
1,6/22/2024,1006,30,30180
1,6/23/2024,1207,22,26554
1,6/24/2024,988,30,29640
1,6/25/2024,947,32,30304
1,6/26/2024,1110,26,28860
1,6/27/2024,1039,28,29092
1,6/28/2024,1449,12,17388
1,6/29/2024,1233,21,25893
1,6/30/2024,1319,17,22423
1,7/1/2024,1273,19,24187
1,7/2/2024,1168,23,26864
1,7/3/2024,1179,23,27117
1,7/4/2024,888,35,31080
1,7/5/2024,1004,30,30120
1,7/6/2024,1264,19,24016
1,7/7/2024,996,30,29880
1,7/8/2024,1079,27,29133
1,7/9/2024,1370,15,20550
1,7/10/2024,1362,15,20430
1,7/11/2024,1327,17,22559
1,7/12/2024,1141,24,27384
1,7/13/2024,976,31,30256
1,7/14/2024,891,34,30294
1,7/15/2024,1332,16,21312
2,1/1/2024,1942,50,97100
2,1/2/2024,1742,50,87100
2,1/3/2024,2453,23,56419
2,1/4/2024,2006,46,92276
2,1/5/2024,1732,50,86600
2,1/6/2024,1802,50,90100
2,1/7/2024,1562,50,78100
2,1/8/2024,2173,38,82574
2,1/9/2024,1998,47,93906
2,1/10/2024,2095,42,87990
2,1/11/2024,1864,50,93200
2,1/12/2024,1804,50,90200
2,1/13/2024,2152,39,83928
2,1/14/2024,1696,50,84800
2,1/15/2024,2339,29,67831
2,1/16/2024,1844,50,92200
2,1/17/2024,2329,30,69870
2,1/18/2024,2252,34,76568
2,1/19/2024,2042,44,89848
2,1/20/2024,2371,28,66388
2,1/21/2024,1764,50,88200
2,1/22/2024,1880,50,94000
2,1/23/2024,2393,27,64611
2,1/24/2024,2185,37,80845
2,1/25/2024,2062,43,88666
2,1/26/2024,2291,32,73312
2,1/27/2024,1684,50,84200
2,1/28/2024,1899,50,94950
2,1/29/2024,2317,30,69510
2,1/30/2024,1905,50,95250
2,1/31/2024,2375,27,64125
2,2/1/2024,1631,50,81550
2,2/2/2024,2209,36,79524
2,2/3/2024,2393,27,64611
2,2/4/2024,1758,50,87900
2,2/5/2024,1603,50,80150
2,2/6/2024,2335,29,67715
2,2/7/2024,1848,50,92400
2,2/8/2024,1670,50,83500
2,2/9/2024,2034,45,91530
2,2/10/2024,2370,28,66360
2,2/11/2024,2061,43,88623
2,2/12/2024,2022,45,90990
2,2/13/2024,1761,50,88050
2,2/14/2024,2347,29,68063
2,2/15/2024,2228,35,77980
2,2/16/2024,2024,45,91080
2,2/17/2024,2118,41,86838
2,2/18/2024,2404,26,62504
2,2/19/2024,2222,35,77770
2,2/20/2024,2334,30,70020
2,2/21/2024,2019,46,92874
2,2/22/2024,1555,50,77750
2,2/23/2024,2272,33,74976
2,2/24/2024,2333,30,69990
2,2/25/2024,1732,50,86600
2,2/26/2024,1791,50,89550
2,2/27/2024,1950,49,95550
2,2/28/2024,2049,44,90156
2,2/29/2024,2418,25,60450
2,3/1/2024,1674,50,83700
2,3/2/2024,1815,50,90750
2,3/3/2024,1562,50,78100
2,3/4/2024,1619,50,80950
2,3/5/2024,2211,36,79596
2,3/6/2024,1711,50,85550
2,3/7/2024,1589,50,79450
2,3/8/2024,1553,50,77650
2,3/9/2024,2265,33,74745
2,3/10/2024,1988,47,93436
2,3/11/2024,1834,50,91700
2,3/12/2024,2092,42,87864
2,3/13/2024,2191,37,81067
2,3/14/2024,1988,47,93436
2,3/15/2024,1989,47,93483
2,3/16/2024,2123,40,84920
2,3/17/2024,2168,38,82384
2,3/18/2024,1810,50,90500
2,3/19/2024,1966,48,94368
2,3/20/2024,1968,48,94464
2,3/21/2024,1579,50,78950
2,3/22/2024,2452,24,58848
2,3/23/2024,1909,50,95450
2,3/24/2024,1649,50,82450
2,3/25/2024,2199,36,79164
2,3/26/2024,2448,24,58752
2,3/27/2024,1626,50,81300
2,3/28/2024,1812,50,90600
2,3/29/2024,1586,50,79300
2,3/30/2024,2327,30,69810
2,3/31/2024,1980,48,95040
2,4/1/2024,1780,50,89000
2,4/2/2024,2346,29,68034
2,4/3/2024,2444,24,58656
2,4/4/2024,1647,50,82350
2,4/5/2024,1912,50,95600
2,4/6/2024,2008,46,92368
2,4/7/2024,2344,29,67976
2,4/8/2024,2034,45,91530
2,4/9/2024,2017,46,92782
2,4/10/2024,1905,50,95250
2,4/11/2024,1695,50,84750
2,4/12/2024,1551,50,77550
2,4/13/2024,2208,36,79488
2,4/14/2024,1893,50,94650
2,4/15/2024,1977,48,94896
2,4/16/2024,1899,50,94950
2,4/17/2024,1552,50,77600
2,4/18/2024,1947,49,95403
2,4/19/2024,2064,43,88752
2,4/20/2024,1560,50,78000
2,4/21/2024,2047,44,90068
2,4/22/2024,2341,29,67889
2,4/23/2024,1743,50,87150
2,4/24/2024,2206,36,79416
2,4/25/2024,2265,33,74745
2,4/26/2024,1550,50,77500
2,4/27/2024,1865,50,93250
2,4/28/2024,1903,50,95150
2,4/29/2024,2435,24,58440
2,4/30/2024,2310,31,71610
2,5/1/2024,2118,41,86838
2,5/2/2024,1619,50,80950
2,5/3/2024,1718,50,85900
2,5/4/2024,2434,24,58416
2,5/5/2024,2006,46,92276
2,5/6/2024,1675,50,83750
2,5/7/2024,2231,35,78085
2,5/8/2024,1707,50,85350
2,5/9/2024,1788,50,89400
2,5/10/2024,2178,38,82764
2,5/11/2024,1728,50,86400
2,5/12/2024,1823,50,91150
2,5/13/2024,2313,31,71703
2,5/14/2024,1610,50,80500
2,5/15/2024,2139,39,83421
2,5/16/2024,2133,40,85320
2,5/17/2024,2210,36,79560
2,5/18/2024,2010,46,92460
2,5/19/2024,2413,26,62738
2,5/20/2024,2407,26,62582
2,5/21/2024,1763,50,88150
2,5/22/2024,2239,34,76126
2,5/23/2024,1981,48,95088
2,5/24/2024,1814,50,90700
2,5/25/2024,1912,50,95600
2,5/26/2024,2026,45,91170
2,5/27/2024,2360,28,66080
2,5/28/2024,2023,45,91035
2,5/29/2024,1688,50,84400
2,5/30/2024,1920,50,96000
2,5/31/2024,2083,42,87486
2,6/1/2024,1640,50,82000
2,6/2/2024,1739,50,86950
2,6/3/2024,1921,50,96050
2,6/4/2024,2189,37,80993
2,6/5/2024,1808,50,90400
2,6/6/2024,1897,50,94850
2,6/7/2024,1885,50,94250
2,6/8/2024,2183,37,80771
2,6/9/2024,2405,26,62530
2,6/10/2024,2307,31,71517
2,6/11/2024,1598,50,79900
2,6/12/2024,2110,41,86510
2,6/13/2024,1956,49,95844
2,6/14/2024,1780,50,89000
2,6/15/2024,2260,33,74580
2,6/16/2024,1794,50,89700
2,6/17/2024,2109,41,86469
2,6/18/2024,2261,33,74613
2,6/19/2024,1795,50,89750
2,6/20/2024,1886,50,94300
2,6/21/2024,1601,50,80050
2,6/22/2024,1886,50,94300
2,6/23/2024,2074,43,89182
2,6/24/2024,1787,50,89350
2,6/25/2024,1623,50,81150
2,6/26/2024,2234,35,78190
2,6/27/2024,2052,44,90288
2,6/28/2024,1822,50,91100
2,6/29/2024,1881,50,94050
2,6/30/2024,2220,35,77700
2,7/1/2024,2309,31,71579
2,7/2/2024,1730,50,86500
2,7/3/2024,1992,47,93624
2,7/4/2024,1703,50,85150
2,7/5/2024,2427,25,60675
2,7/6/2024,2133,40,85320
2,7/7/2024,2290,32,73280
2,7/8/2024,1766,50,88300
2,7/9/2024,2418,25,60450
2,7/10/2024,1980,48,95040
2,7/11/2024,1685,50,84250
2,7/12/2024,2104,41,86264
2,7/13/2024,2093,42,87906
2,7/14/2024,1661,50,83050
2,7/15/2024,1724,50,86200
3,1/1/2024,3609,21,75789
3,1/2/2024,3820,19,72580
3,1/3/2024,3288,24,78912
3,1/4/2024,3134,26,81484
3,1/5/2024,3408,23,78384
3,1/6/2024,4122,15,61830
3,1/7/2024,3247,25,81175
3,1/8/2024,4514,11,49654
3,1/9/2024,3275,25,81875
3,1/10/2024,4437,12,53244
3,1/11/2024,4865,10,48650
3,1/12/2024,3406,23,78338
3,1/13/2024,3273,25,81825
3,1/14/2024,4561,10,45610
3,1/15/2024,3213,25,80325
3,1/16/2024,3185,26,82810
3,1/17/2024,4269,14,59766
3,1/18/2024,4187,14,58618
3,1/19/2024,4446,12,53352
3,1/20/2024,3230,25,80750
3,1/21/2024,3439,23,79097
3,1/22/2024,4189,14,58646
3,1/23/2024,4142,15,62130
3,1/24/2024,4869,10,48690
3,1/25/2024,4950,10,49500
3,1/26/2024,4633,10,46330
3,1/27/2024,4989,10,49890
3,1/28/2024,4191,14,58674
3,1/29/2024,3532,22,77704
3,1/30/2024,3474,22,76428
3,1/31/2024,4309,13,56017
3,2/1/2024,3457,23,79511
3,2/2/2024,4050,16,64800
3,2/3/2024,4265,14,59710
3,2/4/2024,4470,11,49170
3,2/5/2024,4207,14,58898
3,2/6/2024,4701,10,47010
3,2/7/2024,4413,12,52956
3,2/8/2024,3688,20,73760
3,2/9/2024,3856,18,69408
3,2/10/2024,3803,19,72257
3,2/11/2024,4290,13,55770
3,2/12/2024,3883,18,69894
3,2/13/2024,4347,13,56511
3,2/14/2024,4303,13,55939
3,2/15/2024,3384,23,77832
3,2/16/2024,3292,24,79008
3,2/17/2024,3783,19,71877
3,2/18/2024,3271,25,81775
3,2/19/2024,4116,15,61740
3,2/20/2024,4442,12,53304
3,2/21/2024,3801,19,72219
3,2/22/2024,3133,26,81458
3,2/23/2024,3998,17,67966
3,2/24/2024,4105,15,61575
3,2/25/2024,4509,11,49599
3,2/26/2024,4400,12,52800
3,2/27/2024,4200,14,58800
3,2/28/2024,4955,10,49550
3,2/29/2024,4474,11,49214
3,3/1/2024,3202,25,80050
3,3/2/2024,4619,10,46190
3,3/3/2024,4610,10,46100
3,3/4/2024,4107,15,61605
3,3/5/2024,4124,15,61860
3,3/6/2024,4818,10,48180
3,3/7/2024,4827,10,48270
3,3/8/2024,4935,10,49350
3,3/9/2024,4286,13,55718
3,3/10/2024,3572,21,75012
3,3/11/2024,3403,23,78269
3,3/12/2024,4309,13,56017
3,3/13/2024,4816,10,48160
3,3/14/2024,4974,10,49740
3,3/15/2024,4109,15,61635
3,3/16/2024,4365,12,52380
3,3/17/2024,3215,25,80375
3,3/18/2024,4756,10,47560
3,3/19/2024,4612,10,46120
3,3/20/2024,4304,13,55952
3,3/21/2024,4213,14,58982
3,3/22/2024,3856,18,69408
3,3/23/2024,3712,20,74240
3,3/24/2024,4055,16,64880
3,3/25/2024,3897,18,70146
3,3/26/2024,4917,10,49170
3,3/27/2024,4245,14,59430
3,3/28/2024,4567,10,45670
3,3/29/2024,4004,16,64064
3,3/30/2024,4589,10,45890
3,3/31/2024,4074,16,65184
3,4/1/2024,4049,16,64784
3,4/2/2024,3292,24,79008
3,4/3/2024,4600,10,46000
3,4/4/2024,4700,10,47000
3,4/5/2024,3163,26,82238
3,4/6/2024,4872,10,48720
3,4/7/2024,3394,23,78062
3,4/8/2024,4166,15,62490
3,4/9/2024,4658,10,46580
3,4/10/2024,3698,20,73960
3,4/11/2024,3873,18,69714
3,4/12/2024,3699,20,73980
3,4/13/2024,4029,16,64464
3,4/14/2024,3237,25,80925
3,4/15/2024,4775,10,47750
3,4/16/2024,4092,16,65472
3,4/17/2024,3986,17,67762
3,4/18/2024,4988,10,49880
3,4/19/2024,3123,26,81198
3,4/20/2024,3575,21,75075
3,4/21/2024,4895,10,48950
3,4/22/2024,4470,11,49170
3,4/23/2024,3147,26,81822
3,4/24/2024,4170,15,62550
3,4/25/2024,4542,11,49962
3,4/26/2024,3285,24,78840
3,4/27/2024,3255,25,81375
3,4/28/2024,3190,25,79750
3,4/29/2024,3487,22,76714
3,4/30/2024,3534,22,77748
3,5/1/2024,3310,24,79440
3,5/2/2024,4279,13,55627
3,5/3/2024,4911,10,49110
3,5/4/2024,4520,11,49720
3,5/5/2024,4623,10,46230
3,5/6/2024,3622,21,76062
3,5/7/2024,3606,21,75726
3,5/8/2024,4835,10,48350
3,5/9/2024,3422,23,78706
3,5/10/2024,3963,17,67371
3,5/11/2024,4887,10,48870
3,5/12/2024,3761,19,71459
3,5/13/2024,3200,25,80000
3,5/14/2024,4518,11,49698
3,5/15/2024,3739,19,71041
3,5/16/2024,4997,10,49970
3,5/17/2024,4903,10,49030
3,5/18/2024,3352,24,80448
3,5/19/2024,3117,26,81042
3,5/20/2024,4278,13,55614
3,5/21/2024,4646,10,46460
3,5/22/2024,3429,23,78867
3,5/23/2024,3952,17,67184
3,5/24/2024,4453,12,53436
3,5/25/2024,4094,15,61410
3,5/26/2024,3144,26,81744
3,5/27/2024,3833,18,68994
3,5/28/2024,3410,23,78430
3,5/29/2024,4108,15,61620
3,5/30/2024,3421,23,78683
3,5/31/2024,3560,21,74760
3,6/1/2024,3894,18,70092
3,6/2/2024,3190,25,79750
3,6/3/2024,3884,18,69912
3,6/4/2024,4911,10,49110
3,6/5/2024,3901,18,70218
3,6/6/2024,4907,10,49070
3,6/7/2024,4945,10,49450
3,6/8/2024,3441,23,79143
3,6/9/2024,3488,22,76736
3,6/10/2024,3959,17,67303
3,6/11/2024,3994,17,67898
3,6/12/2024,4054,16,64864
3,6/13/2024,3767,19,71573
3,6/14/2024,4304,13,55952
3,6/15/2024,3970,17,67490
3,6/16/2024,3693,20,73860
3,6/17/2024,3424,23,78752
3,6/18/2024,4824,10,48240
3,6/19/2024,4420,12,53040
3,6/20/2024,4013,16,64208
3,6/21/2024,3256,25,81400
3,6/22/2024,3845,18,69210
3,6/23/2024,3972,17,67524
3,6/24/2024,4164,15,62460
3,6/25/2024,4527,11,49797
3,6/26/2024,4224,14,59136
3,6/27/2024,3743,19,71117
3,6/28/2024,4830,10,48300
3,6/29/2024,4053,16,64848
3,6/30/2024,3244,25,81100
3,7/1/2024,4811,10,48110
3,7/2/2024,3801,19,72219
3,7/3/2024,4866,10,48660
3,7/4/2024,4454,12,53448
3,7/5/2024,4353,13,56589
3,7/6/2024,4514,11,49654
3,7/7/2024,3285,24,78840
3,7/8/2024,4136,15,62040
3,7/9/2024,4794,10,47940
3,7/10/2024,4578,10,45780
3,7/11/2024,4215,14,59010
3,7/12/2024,4651,10,46510
3,7/13/2024,4282,13,55666
3,7/14/2024,3487,22,76714
3,7/15/2024,3415,23,78545
4,1/1/2024,686,32,21952
4,1/2/2024,1418,11,15598
4,1/3/2024,1292,15,19380
4,1/4/2024,1274,15,19110
4,1/5/2024,1045,22,22990
4,1/6/2024,660,33,21780
4,1/7/2024,985,24,23640
4,1/8/2024,760,30,22800
4,1/9/2024,1168,18,21024
4,1/10/2024,1030,22,22660
4,1/11/2024,1093,21,22953
4,1/12/2024,962,24,23088
4,1/13/2024,1020,23,23460
4,1/14/2024,718,31,22258
4,1/15/2024,568,35,19880
4,1/16/2024,955,24,22920
4,1/17/2024,1219,17,20723
4,1/18/2024,1390,12,16680
4,1/19/2024,1467,10,14670
4,1/20/2024,1210,17,20570
4,1/21/2024,1135,19,21565
4,1/22/2024,790,29,22910
4,1/23/2024,1346,13,17498
4,1/24/2024,1183,18,21294
4,1/25/2024,1259,16,20144
4,1/26/2024,1072,21,22512
4,1/27/2024,1431,11,15741
4,1/28/2024,1080,21,22680
4,1/29/2024,1174,18,21132
4,1/30/2024,929,25,23225
4,1/31/2024,1162,19,22078
4,2/1/2024,1331,14,18634
4,2/2/2024,840,28,23520
4,2/3/2024,1232,17,20944
4,2/4/2024,584,35,20440
4,2/5/2024,1151,19,21869
4,2/6/2024,1422,11,15642
4,2/7/2024,776,29,22504
4,2/8/2024,971,24,23304
4,2/9/2024,1418,11,15598
4,2/10/2024,1079,21,22659
4,2/11/2024,611,34,20774
4,2/12/2024,929,25,23225
4,2/13/2024,1217,17,20689
4,2/14/2024,1168,18,21024
4,2/15/2024,694,32,22208
4,2/16/2024,811,28,22708
4,2/17/2024,1361,13,17693
4,2/18/2024,1463,10,14630
4,2/19/2024,794,29,23026
4,2/20/2024,614,34,20876
4,2/21/2024,807,29,23403
4,2/22/2024,882,26,22932
4,2/23/2024,1109,20,22180
4,2/24/2024,1178,18,21204
4,2/25/2024,1093,21,22953
4,2/26/2024,577,35,20195
4,2/27/2024,1092,21,22932
4,2/28/2024,915,26,23790
4,2/29/2024,1179,18,21222
4,3/1/2024,1310,14,18340
4,3/2/2024,1024,22,22528
4,3/3/2024,846,28,23688
4,3/4/2024,653,33,21549
4,3/5/2024,1355,13,17615
4,3/6/2024,879,27,23733
4,3/7/2024,1008,23,23184
4,3/8/2024,758,30,22740
4,3/9/2024,1399,12,16788
4,3/10/2024,901,26,23426
4,3/11/2024,1364,13,17732
4,3/12/2024,615,34,20910
4,3/13/2024,592,35,20720
4,3/14/2024,649,33,21417
4,3/15/2024,1487,10,14870
4,3/16/2024,1466,10,14660
4,3/17/2024,1224,17,20808
4,3/18/2024,599,34,20366
4,3/19/2024,617,34,20978
4,3/20/2024,566,35,19810
4,3/21/2024,1316,14,18424
4,3/22/2024,826,28,23128
4,3/23/2024,557,36,20052
4,3/24/2024,853,27,23031
4,3/25/2024,868,27,23436
4,3/26/2024,838,28,23464
4,3/27/2024,561,36,20196
4,3/28/2024,1196,18,21528
4,3/29/2024,988,24,23712
4,3/30/2024,823,28,23044
4,3/31/2024,1208,17,20536
4,4/1/2024,1292,15,19380
4,4/2/2024,825,28,23100
4,4/3/2024,1437,11,15807
4,4/4/2024,784,29,22736
4,4/5/2024,934,25,23350
4,4/6/2024,1323,14,18522
4,4/7/2024,962,24,23088
4,4/8/2024,711,31,22041
4,4/9/2024,672,32,21504
4,4/10/2024,868,27,23436
4,4/11/2024,624,34,21216
4,4/12/2024,1404,12,16848
4,4/13/2024,1184,18,21312
4,4/14/2024,707,31,21917
4,4/15/2024,678,32,21696
4,4/16/2024,661,33,21813
4,4/17/2024,611,34,20774
4,4/18/2024,909,26,23634
4,4/19/2024,1247,16,19952
4,4/20/2024,1281,15,19215
4,4/21/2024,741,30,22230
4,4/22/2024,782,29,22678
4,4/23/2024,1461,10,14610
4,4/24/2024,1414,12,16968
4,4/25/2024,713,31,22103
4,4/26/2024,1395,12,16740
4,4/27/2024,745,30,22350
4,4/28/2024,597,35,20895
4,4/29/2024,926,25,23150
4,4/30/2024,1143,19,21717
4,5/1/2024,834,28,23352
4,5/2/2024,602,34,20468
4,5/3/2024,805,29,23345
4,5/4/2024,1233,17,20961
4,5/5/2024,788,29,22852
4,5/6/2024,957,24,22968
4,5/7/2024,972,24,23328
4,5/8/2024,1250,16,20000
4,5/9/2024,1352,13,17576
4,5/10/2024,933,25,23325
4,5/11/2024,671,32,21472
4,5/12/2024,1386,12,16632
4,5/13/2024,962,24,23088
4,5/14/2024,1024,22,22528
4,5/15/2024,1198,18,21564
4,5/16/2024,1407,12,16884
4,5/17/2024,607,34,20638
4,5/18/2024,1191,18,21438
4,5/19/2024,1342,14,18788
4,5/20/2024,1156,19,21964
4,5/21/2024,936,25,23400
4,5/22/2024,565,35,19775
4,5/23/2024,550,36,19800
4,5/24/2024,1471,10,14710
4,5/25/2024,905,26,23530
4,5/26/2024,784,29,22736
4,5/27/2024,702,32,22464
4,5/28/2024,1223,17,20791
4,5/29/2024,738,31,22878
4,5/30/2024,907,26,23582
4,5/31/2024,881,27,23787
4,6/1/2024,1257,16,20112
4,6/2/2024,579,35,20265
4,6/3/2024,1460,10,14600
4,6/4/2024,1362,13,17706
4,6/5/2024,632,34,21488
4,6/6/2024,708,31,21948
4,6/7/2024,1462,10,14620
4,6/8/2024,741,30,22230
4,6/9/2024,710,31,22010
4,6/10/2024,1242,16,19872
4,6/11/2024,645,33,21285
4,6/12/2024,984,24,23616
4,6/13/2024,1060,21,22260
4,6/14/2024,561,36,20196
4,6/15/2024,1296,15,19440
4,6/16/2024,931,25,23275
4,6/17/2024,570,35,19950
4,6/18/2024,735,31,22785
4,6/19/2024,1113,20,22260
4,6/20/2024,958,24,22992
4,6/21/2024,977,24,23448
4,6/22/2024,1138,19,21622
4,6/23/2024,1060,21,22260
4,6/24/2024,1181,18,21258
4,6/25/2024,1122,20,22440
4,6/26/2024,659,33,21747
4,6/27/2024,759,30,22770
4,6/28/2024,974,24,23376
4,6/29/2024,1208,17,20536
4,6/30/2024,998,23,22954
4,7/1/2024,1490,10,14900
4,7/2/2024,1170,18,21060
4,7/3/2024,842,28,23576
4,7/4/2024,784,29,22736
4,7/5/2024,636,33,20988
4,7/6/2024,1395,12,16740
4,7/7/2024,593,35,20755
4,7/8/2024,1031,22,22682
4,7/9/2024,1435,11,15785
4,7/10/2024,1239,16,19824
4,7/11/2024,900,26,23400
4,7/12/2024,1315,14,18410
4,7/13/2024,1384,12,16608
4,7/14/2024,1149,19,21831
4,7/15/2024,1453,10,14530
5,1/1/2024,963,14,13482
5,1/2/2024,1030,14,14420
5,1/3/2024,1331,13,17303
5,1/4/2024,1170,14,16380
5,1/5/2024,858,15,12870
5,1/6/2024,850,15,12750
5,1/7/2024,1302,13,16926
5,1/8/2024,1333,13,17329
5,1/9/2024,1371,13,17823
5,1/10/2024,1186,14,16604
5,1/11/2024,1115,14,15610
5,1/12/2024,1142,14,15988
5,1/13/2024,940,15,14100
5,1/14/2024,1446,12,17352
5,1/15/2024,1151,14,16114
5,1/16/2024,825,15,12375
5,1/17/2024,996,14,13944
5,1/18/2024,1141,14,15974
5,1/19/2024,850,15,12750
5,1/20/2024,1071,14,14994
5,1/21/2024,1478,12,17736
5,1/22/2024,1319,13,17147
5,1/23/2024,1396,13,18148
5,1/24/2024,1437,12,17244
5,1/25/2024,1279,13,16627
5,1/26/2024,1314,13,17082
5,1/27/2024,1461,12,17532
5,1/28/2024,849,15,12735
5,1/29/2024,1482,12,17784
5,1/30/2024,1086,14,15204
5,1/31/2024,999,14,13986
5,2/1/2024,1395,13,18135
5,2/2/2024,1078,14,15092
5,2/3/2024,1451,12,17412
5,2/4/2024,815,15,12225
5,2/5/2024,1281,13,16653
5,2/6/2024,1395,13,18135
5,2/7/2024,1391,13,18083
5,2/8/2024,1093,14,15302
5,2/9/2024,1152,14,16128
5,2/10/2024,1384,13,17992
5,2/11/2024,1481,12,17772
5,2/12/2024,1413,13,18369
5,2/13/2024,1005,14,14070
5,2/14/2024,1162,14,16268
5,2/15/2024,843,15,12645
5,2/16/2024,1118,14,15652
5,2/17/2024,1048,14,14672
5,2/18/2024,1257,13,16341
5,2/19/2024,1177,14,16478
5,2/20/2024,1359,13,17667
5,2/21/2024,1217,13,15821
5,2/22/2024,823,15,12345
5,2/23/2024,1255,13,16315
5,2/24/2024,1275,13,16575
5,2/25/2024,1030,14,14420
5,2/26/2024,1319,13,17147
5,2/27/2024,1369,13,17797
5,2/28/2024,1056,14,14784
5,2/29/2024,1190,13,15470
5,3/1/2024,1101,14,15414
5,3/2/2024,881,15,13215
5,3/3/2024,1267,13,16471
5,3/4/2024,908,15,13620
5,3/5/2024,1043,14,14602
5,3/6/2024,1280,13,16640
5,3/7/2024,1470,12,17640
5,3/8/2024,1362,13,17706
5,3/9/2024,1025,14,14350
5,3/10/2024,964,14,13496
5,3/11/2024,1422,13,18486
5,3/12/2024,1344,13,17472
5,3/13/2024,976,14,13664
5,3/14/2024,1149,14,16086
5,3/15/2024,1463,12,17556
5,3/16/2024,802,15,12030
5,3/17/2024,1248,13,16224
5,3/18/2024,1100,14,15400
5,3/19/2024,933,15,13995
5,3/20/2024,964,14,13496
5,3/21/2024,883,15,13245
5,3/22/2024,807,15,12105
5,3/23/2024,1414,13,18382
5,3/24/2024,859,15,12885
5,3/25/2024,1128,14,15792
5,3/26/2024,914,15,13710
5,3/27/2024,1418,13,18434
5,3/28/2024,943,15,14145
5,3/29/2024,1451,12,17412
5,3/30/2024,1254,13,16302
5,3/31/2024,903,15,13545
5,4/1/2024,817,15,12255
5,4/2/2024,1031,14,14434
5,4/3/2024,1462,12,17544
5,4/4/2024,1131,14,15834
5,4/5/2024,1241,13,16133
5,4/6/2024,1266,13,16458
5,4/7/2024,815,15,12225
5,4/8/2024,1095,14,15330
5,4/9/2024,884,15,13260
5,4/10/2024,1192,13,15496
5,4/11/2024,929,15,13935
5,4/12/2024,1396,13,18148
5,4/13/2024,878,15,13170
5,4/14/2024,1130,14,15820
5,4/15/2024,839,15,12585
5,4/16/2024,849,15,12735
5,4/17/2024,1211,13,15743
5,4/18/2024,951,14,13314
5,4/19/2024,1015,14,14210
5,4/20/2024,1372,13,17836
5,4/21/2024,1063,14,14882
5,4/22/2024,1357,13,17641
5,4/23/2024,1376,13,17888
5,4/24/2024,869,15,13035
5,4/25/2024,915,15,13725
5,4/26/2024,1476,12,17712
5,4/27/2024,1182,14,16548
5,4/28/2024,1453,12,17436
5,4/29/2024,1003,14,14042
5,4/30/2024,1268,13,16484
5,5/1/2024,1146,14,16044
5,5/2/2024,1087,14,15218
5,5/3/2024,1405,13,18265
5,5/4/2024,1243,13,16159
5,5/5/2024,1037,14,14518
5,5/6/2024,1025,14,14350
5,5/7/2024,1344,13,17472
5,5/8/2024,1297,13,16861
5,5/9/2024,1053,14,14742
5,5/10/2024,1173,14,16422
5,5/11/2024,852,15,12780
5,5/12/2024,910,15,13650
5,5/13/2024,1177,14,16478
5,5/14/2024,927,15,13905
5,5/15/2024,1098,14,15372
5,5/16/2024,1348,13,17524
5,5/17/2024,1101,14,15414
5,5/18/2024,1002,14,14028
5,5/19/2024,1252,13,16276
5,5/20/2024,1224,13,15912
5,5/21/2024,1009,14,14126
5,5/22/2024,1399,13,18187
5,5/23/2024,1143,14,16002
5,5/24/2024,963,14,13482
5,5/25/2024,1059,14,14826
5,5/26/2024,1344,13,17472
5,5/27/2024,962,14,13468
5,5/28/2024,1117,14,15638
5,5/29/2024,1287,13,16731
5,5/30/2024,885,15,13275
5,5/31/2024,879,15,13185
5,6/1/2024,846,15,12690
5,6/2/2024,1130,14,15820
5,6/3/2024,1104,14,15456
5,6/4/2024,1156,14,16184
5,6/5/2024,993,14,13902
5,6/6/2024,1087,14,15218
5,6/7/2024,839,15,12585
5,6/8/2024,1236,13,16068
5,6/9/2024,820,15,12300
5,6/10/2024,1400,13,18200
5,6/11/2024,900,15,13500
5,6/12/2024,958,14,13412
5,6/13/2024,1329,13,17277
5,6/14/2024,1384,13,17992
5,6/15/2024,1340,13,17420
5,6/16/2024,1147,14,16058
5,6/17/2024,1233,13,16029
5,6/18/2024,1471,12,17652
5,6/19/2024,1444,12,17328
5,6/20/2024,1191,13,15483
5,6/21/2024,1126,14,15764
5,6/22/2024,886,15,13290
5,6/23/2024,1151,14,16114
5,6/24/2024,877,15,13155
5,6/25/2024,1397,13,18161
5,6/26/2024,1261,13,16393
5,6/27/2024,1080,14,15120
5,6/28/2024,858,15,12870
5,6/29/2024,1051,14,14714
5,6/30/2024,827,15,12405
5,7/1/2024,1205,13,15665
5,7/2/2024,946,15,14190
5,7/3/2024,1155,14,16170
5,7/4/2024,910,15,13650
5,7/5/2024,1203,13,15639
5,7/6/2024,922,15,13830
5,7/7/2024,1093,14,15302
5,7/8/2024,955,14,13370
5,7/9/2024,1104,14,15456
5,7/10/2024,1022,14,14308
5,7/11/2024,1055,14,14770
5,7/12/2024,1166,14,16324
5,7/13/2024,922,15,13830
5,7/14/2024,1080,14,15120
5,7/15/2024,1483,12,17796
6,1/1/2024,5834,23,134182
6,1/2/2024,5695,24,136680
6,1/3/2024,5108,29,148132
6,1/4/2024,7283,11,80113
6,1/5/2024,6066,21,127386
6,1/6/2024,5285,28,147980
6,1/7/2024,5766,24,138384
6,1/8/2024,5138,29,149002
6,1/9/2024,6540,17,111180
6,1/10/2024,7030,13,91390
6,1/11/2024,5755,24,138120
6,1/12/2024,6303,19,119757
6,1/13/2024,5520,26,143520
6,1/14/2024,7600,10,76000
6,1/15/2024,7029,13,91377
6,1/16/2024,5195,28,145460
6,1/17/2024,6246,20,124920
6,1/18/2024,6029,21,126609
6,1/19/2024,6576,17,111792
6,1/20/2024,6604,17,112268
6,1/21/2024,6615,16,105840
6,1/22/2024,6673,16,106768
6,1/23/2024,6913,14,96782
6,1/24/2024,7197,12,86364
6,1/25/2024,6816,15,102240
6,1/26/2024,6828,15,102420
6,1/27/2024,5830,23,134090
6,1/28/2024,7648,10,76480
6,1/29/2024,5784,23,133032
6,1/30/2024,6705,16,107280
6,1/31/2024,6987,13,90831
6,2/1/2024,7344,10,73440
6,2/2/2024,6292,19,119548
6,2/3/2024,5872,23,135056
6,2/4/2024,5904,22,129888
6,2/5/2024,5207,28,145796
6,2/6/2024,7437,10,74370
6,2/7/2024,6549,17,111333
6,2/8/2024,5517,26,143442
6,2/9/2024,5272,28,147616
6,2/10/2024,5544,25,138600
6,2/11/2024,5859,23,134757
6,2/12/2024,5966,22,131252
6,2/13/2024,5935,22,130570
6,2/14/2024,5281,28,147868
6,2/15/2024,6972,14,97608
6,2/16/2024,5438,26,141388
6,2/17/2024,5536,26,143936
6,2/18/2024,6446,18,116028
6,2/19/2024,7296,11,80256
6,2/20/2024,6145,20,122900
6,2/21/2024,7653,10,76530
6,2/22/2024,5497,26,142922
6,2/23/2024,6938,14,97132
6,2/24/2024,6496,17,110432
6,2/25/2024,6065,21,127365
6,2/26/2024,5425,26,141050
6,2/27/2024,6567,17,111639
6,2/28/2024,6768,15,101520
6,2/29/2024,6240,20,124800
6,3/1/2024,7655,10,76550
6,3/2/2024,5242,28,146776
6,3/3/2024,6185,20,123700
6,3/4/2024,5256,28,147168
6,3/5/2024,6864,14,96096
6,3/6/2024,5134,29,148886
6,3/7/2024,5469,26,142194
6,3/8/2024,5807,23,133561
6,3/9/2024,5723,24,137352
6,3/10/2024,7218,11,79398
6,3/11/2024,6015,22,132330
6,3/12/2024,7782,10,77820
6,3/13/2024,6477,18,116586
6,3/14/2024,6133,21,128793
6,3/15/2024,6726,16,107616
6,3/16/2024,7205,12,86460
6,3/17/2024,5264,28,147392
6,3/18/2024,5684,24,136416
6,3/19/2024,7687,10,76870
6,3/20/2024,6075,21,127575
6,3/21/2024,5246,28,146888
6,3/22/2024,6428,18,115704
6,3/23/2024,5677,24,136248
6,3/24/2024,6477,18,116586
6,3/25/2024,6195,20,123900
6,3/26/2024,5656,25,141400
6,3/27/2024,7463,10,74630
6,3/28/2024,5895,23,135585
6,3/29/2024,6610,17,112370
6,3/30/2024,7025,13,91325
6,3/31/2024,5658,25,141450
6,4/1/2024,5625,25,140625
6,4/2/2024,6843,15,102645
6,4/3/2024,6184,20,123680
6,4/4/2024,7488,10,74880
6,4/5/2024,7065,13,91845
6,4/6/2024,7686,10,76860
6,4/7/2024,6692,16,107072
6,4/8/2024,5898,22,129756
6,4/9/2024,5763,24,138312
6,4/10/2024,6023,21,126483
6,4/11/2024,5669,24,136056
6,4/12/2024,6379,18,114822
6,4/13/2024,5830,23,134090
6,4/14/2024,7242,11,79662
6,4/15/2024,6468,18,116424
6,4/16/2024,7562,10,75620
6,4/17/2024,5860,23,134780
6,4/18/2024,5915,22,130130
6,4/19/2024,7708,10,77080
6,4/20/2024,7301,11,80311
6,4/21/2024,7159,12,85908
6,4/22/2024,6478,18,116604
6,4/23/2024,6771,15,101565
6,4/24/2024,7288,11,80168
6,4/25/2024,7698,10,76980
6,4/26/2024,7082,13,92066
6,4/27/2024,7587,10,75870
6,4/28/2024,5787,23,133101
6,4/29/2024,7270,11,79970
6,4/30/2024,5432,26,141232
6,5/1/2024,6937,14,97118
6,5/2/2024,5375,27,145125
6,5/3/2024,5263,28,147364
6,5/4/2024,6957,14,97398
6,5/5/2024,6918,14,96852
6,5/6/2024,7698,10,76980
6,5/7/2024,7473,10,74730
6,5/8/2024,7556,10,75560
6,5/9/2024,7537,10,75370
6,5/10/2024,7753,10,77530
6,5/11/2024,7158,12,85896
6,5/12/2024,5599,25,139975
6,5/13/2024,6097,21,128037
6,5/14/2024,6913,14,96782
6,5/15/2024,5661,24,135864
6,5/16/2024,7787,10,77870
6,5/17/2024,6866,14,96124
6,5/18/2024,6237,20,124740
6,5/19/2024,7513,10,75130
6,5/20/2024,5962,22,131164
6,5/21/2024,6986,13,90818
6,5/22/2024,7634,10,76340
6,5/23/2024,7401,10,74010
6,5/24/2024,5930,22,130460
6,5/25/2024,7267,11,79937
6,5/26/2024,7502,10,75020
6,5/27/2024,6341,19,120479
6,5/28/2024,5659,24,135816
6,5/29/2024,6925,14,96950
6,5/30/2024,5790,23,133170
6,5/31/2024,7335,10,73350
6,6/1/2024,6600,17,112200
6,6/2/2024,7598,10,75980
6,6/3/2024,6142,20,122840
6,6/4/2024,5625,25,140625
6,6/5/2024,5183,28,145124
6,6/6/2024,7704,10,77040
6,6/7/2024,5690,24,136560
6,6/8/2024,6471,18,116478
6,6/9/2024,5190,28,145320
6,6/10/2024,7468,10,74680
6,6/11/2024,7154,12,85848
6,6/12/2024,5479,26,142454
6,6/13/2024,5790,23,133170
6,6/14/2024,6647,16,106352
6,6/15/2024,7572,10,75720
6,6/16/2024,5228,28,146384
6,6/17/2024,7414,10,74140
6,6/18/2024,6258,19,118902
6,6/19/2024,7246,11,79706
6,6/20/2024,5959,22,131098
6,6/21/2024,5601,25,140025
6,6/22/2024,5604,25,140100
6,6/23/2024,7186,12,86232
6,6/24/2024,5196,28,145488
6,6/25/2024,7602,10,76020
6,6/26/2024,6306,19,119814
6,6/27/2024,7557,10,75570
6,6/28/2024,5611,25,140275
6,6/29/2024,7510,10,75100
6,6/30/2024,5305,27,143235
6,7/1/2024,5524,26,143624
6,7/2/2024,6224,20,124480
6,7/3/2024,6074,21,127554
6,7/4/2024,5657,25,141425
6,7/5/2024,7458,10,74580
6,7/6/2024,7003,13,91039
6,7/7/2024,7152,12,85824
6,7/8/2024,5898,22,129756
6,7/9/2024,7667,10,76670
6,7/10/2024,7655,10,76550
6,7/11/2024,6095,21,127995
6,7/12/2024,6460,18,116280
6,7/13/2024,7313,11,80443
6,7/14/2024,6549,17,111333
6,7/15/2024,6464,18,116352
7,1/1/2024,1205,14,16870
7,1/2/2024,916,13,11908
7,1/3/2024,1038,13,13494
7,1/4/2024,992,13,12896
7,1/5/2024,1418,14,19852
7,1/6/2024,1074,13,13962
7,1/7/2024,1334,14,18676
7,1/8/2024,1282,14,17948
7,1/9/2024,1455,14,20370
7,1/10/2024,1156,14,16184
7,1/11/2024,947,13,12311
7,1/12/2024,836,13,10868
7,1/13/2024,1292,14,18088
7,1/14/2024,1283,14,17962
7,1/15/2024,881,13,11453
7,1/16/2024,1073,13,13949
7,1/17/2024,1477,14,20678
7,1/18/2024,811,13,10543
7,1/19/2024,808,13,10504
7,1/20/2024,1315,14,18410
7,1/21/2024,1236,14,17304
7,1/22/2024,958,13,12454
7,1/23/2024,1162,14,16268
7,1/24/2024,930,13,12090
7,1/25/2024,1070,13,13910
7,1/26/2024,1132,14,15848
7,1/27/2024,905,13,11765
7,1/28/2024,1100,13,14300
7,1/29/2024,1429,14,20006
7,1/30/2024,1307,14,18298
7,1/31/2024,1094,13,14222
7,2/1/2024,1172,14,16408
7,2/2/2024,1111,13,14443
7,2/3/2024,992,13,12896
7,2/4/2024,800,13,10400
7,2/5/2024,1349,14,18886
7,2/6/2024,1030,13,13390
7,2/7/2024,1452,14,20328
7,2/8/2024,1100,13,14300
7,2/9/2024,1233,14,17262
7,2/10/2024,1062,13,13806
7,2/11/2024,1466,14,20524
7,2/12/2024,974,13,12662
7,2/13/2024,1474,14,20636
7,2/14/2024,985,13,12805
7,2/15/2024,926,13,12038
7,2/16/2024,1308,14,18312
7,2/17/2024,1461,14,20454
7,2/18/2024,1297,14,18158
7,2/19/2024,1331,14,18634
7,2/20/2024,1150,14,16100
7,2/21/2024,876,13,11388
7,2/22/2024,1082,13,14066
7,2/23/2024,1465,14,20510
7,2/24/2024,971,13,12623
7,2/25/2024,1279,14,17906
7,2/26/2024,1153,14,16142
7,2/27/2024,940,13,12220
7,2/28/2024,1396,14,19544
7,2/29/2024,1086,13,14118
7,3/1/2024,1324,14,18536
7,3/2/2024,876,13,11388
7,3/3/2024,1405,14,19670
7,3/4/2024,1475,14,20650
7,3/5/2024,1422,14,19908
7,3/6/2024,1092,13,14196
7,3/7/2024,895,13,11635
7,3/8/2024,1130,14,15820
7,3/9/2024,1445,14,20230
7,3/10/2024,1166,14,16324
7,3/11/2024,1040,13,13520
7,3/12/2024,983,13,12779
7,3/13/2024,1019,13,13247
7,3/14/2024,838,13,10894
7,3/15/2024,1161,14,16254
7,3/16/2024,1048,13,13624
7,3/17/2024,1182,14,16548
7,3/18/2024,811,13,10543
7,3/19/2024,1246,14,17444
7,3/20/2024,1215,14,17010
7,3/21/2024,1366,14,19124
7,3/22/2024,828,13,10764
7,3/23/2024,1145,14,16030
7,3/24/2024,1118,13,14534
7,3/25/2024,937,13,12181
7,3/26/2024,1422,14,19908
7,3/27/2024,853,13,11089
7,3/28/2024,1229,14,17206
7,3/29/2024,1142,14,15988
7,3/30/2024,989,13,12857
7,3/31/2024,1059,13,13767
7,4/1/2024,815,13,10595
7,4/2/2024,1480,14,20720
7,4/3/2024,1103,13,14339
7,4/4/2024,1060,13,13780
7,4/5/2024,1028,13,13364
7,4/6/2024,873,13,11349
7,4/7/2024,1416,14,19824
7,4/8/2024,1450,14,20300
7,4/9/2024,1489,14,20846
7,4/10/2024,813,13,10569
7,4/11/2024,1463,14,20482
7,4/12/2024,1108,13,14404
7,4/13/2024,980,13,12740
7,4/14/2024,1254,14,17556
7,4/15/2024,1444,14,20216
7,4/16/2024,857,13,11141
7,4/17/2024,1065,13,13845
7,4/18/2024,1076,13,13988
7,4/19/2024,993,13,12909
7,4/20/2024,1139,14,15946
7,4/21/2024,1470,14,20580
7,4/22/2024,1102,13,14326
7,4/23/2024,1419,14,19866
7,4/24/2024,1370,14,19180
7,4/25/2024,1260,14,17640
7,4/26/2024,1068,13,13884
7,4/27/2024,925,13,12025
7,4/28/2024,1393,14,19502
7,4/29/2024,1394,14,19516
7,4/30/2024,1210,14,16940
7,5/1/2024,1165,14,16310
7,5/2/2024,1094,13,14222
7,5/3/2024,1142,14,15988
7,5/4/2024,1241,14,17374
7,5/5/2024,1231,14,17234
7,5/6/2024,1242,14,17388
7,5/7/2024,1056,13,13728
7,5/8/2024,1186,14,16604
7,5/9/2024,1104,13,14352
7,5/10/2024,1355,14,18970
7,5/11/2024,1449,14,20286
7,5/12/2024,960,13,12480
7,5/13/2024,1223,14,17122
7,5/14/2024,1358,14,19012
7,5/15/2024,1459,14,20426
7,5/16/2024,1455,14,20370
7,5/17/2024,920,13,11960
7,5/18/2024,1430,14,20020
7,5/19/2024,1398,14,19572
7,5/20/2024,1220,14,17080
7,5/21/2024,1056,13,13728
7,5/22/2024,965,13,12545
7,5/23/2024,946,13,12298
7,5/24/2024,1142,14,15988
7,5/25/2024,1211,14,16954
7,5/26/2024,1149,14,16086
7,5/27/2024,1182,14,16548
7,5/28/2024,997,13,12961
7,5/29/2024,956,13,12428
7,5/30/2024,1167,14,16338
7,5/31/2024,1166,14,16324
7,6/1/2024,1347,14,18858
7,6/2/2024,883,13,11479
7,6/3/2024,1133,14,15862
7,6/4/2024,1452,14,20328
7,6/5/2024,1302,14,18228
7,6/6/2024,852,13,11076
7,6/7/2024,828,13,10764
7,6/8/2024,882,13,11466
7,6/9/2024,987,13,12831
7,6/10/2024,1097,13,14261
7,6/11/2024,855,13,11115
7,6/12/2024,1385,14,19390
7,6/13/2024,1025,13,13325
7,6/14/2024,1218,14,17052
7,6/15/2024,1063,13,13819
7,6/16/2024,1202,14,16828
7,6/17/2024,895,13,11635
7,6/18/2024,1099,13,14287
7,6/19/2024,1300,14,18200
7,6/20/2024,937,13,12181
7,6/21/2024,1175,14,16450
7,6/22/2024,1297,14,18158
7,6/23/2024,1415,14,19810
7,6/24/2024,1418,14,19852
7,6/25/2024,931,13,12103
7,6/26/2024,1317,14,18438
7,6/27/2024,1147,14,16058
7,6/28/2024,1098,13,14274
7,6/29/2024,999,13,12987
7,6/30/2024,1175,14,16450
7,7/1/2024,1061,13,13793
7,7/2/2024,1487,14,20818
7,7/3/2024,1290,14,18060
7,7/4/2024,867,13,11271
7,7/5/2024,1260,14,17640
7,7/6/2024,827,13,10751
7,7/7/2024,1402,14,19628
7,7/8/2024,1288,14,18032
7,7/9/2024,896,13,11648
7,7/10/2024,1185,14,16590
7,7/11/2024,1223,14,17122
7,7/12/2024,1112,13,14456
7,7/13/2024,1188,14,16632
7,7/14/2024,875,13,11375
7,7/15/2024,932,13,12116
8,1/1/2024,1260,27,34020
8,1/2/2024,1452,22,31944
8,1/3/2024,1077,33,35541
8,1/4/2024,1162,30,34860
8,1/5/2024,1281,27,34587
8,1/6/2024,1756,14,24584
8,1/7/2024,1722,15,25830
8,1/8/2024,924,37,34188
8,1/9/2024,1029,34,34986
8,1/10/2024,1594,18,28692
8,1/11/2024,1007,35,35245
8,1/12/2024,932,37,34484
8,1/13/2024,1212,29,35148
8,1/14/2024,1545,20,30900
8,1/15/2024,880,38,33440
8,1/16/2024,1491,21,31311
8,1/17/2024,1001,35,35035
8,1/18/2024,949,36,34164
8,1/19/2024,1280,27,34560
8,1/20/2024,1431,23,32913
8,1/21/2024,1128,31,34968
8,1/22/2024,1384,24,33216
8,1/23/2024,1153,30,34590
8,1/24/2024,1749,14,24486
8,1/25/2024,1297,26,33722
8,1/26/2024,902,37,33374
8,1/27/2024,1833,12,21996
8,1/28/2024,1815,12,21780
8,1/29/2024,1747,14,24458
8,1/30/2024,1760,14,24640
8,1/31/2024,1812,12,21744
8,2/1/2024,1414,23,32522
8,2/2/2024,986,35,34510
8,2/3/2024,1019,34,34646
8,2/4/2024,1027,34,34918
8,2/5/2024,1300,26,33800
8,2/6/2024,909,37,33633
8,2/7/2024,1017,34,34578
8,2/8/2024,1720,15,25800
8,2/9/2024,1548,20,30960
8,2/10/2024,1058,33,34914
8,2/11/2024,933,37,34521
8,2/12/2024,844,39,32916
8,2/13/2024,1821,12,21852
8,2/14/2024,1849,11,20339
8,2/15/2024,1827,12,21924
8,2/16/2024,1869,11,20559
8,2/17/2024,1765,14,24710
8,2/18/2024,1044,33,34452
8,2/19/2024,1033,34,35122
8,2/20/2024,1554,19,29526
8,2/21/2024,1225,28,34300
8,2/22/2024,1694,15,25410
8,2/23/2024,963,36,34668
8,2/24/2024,1341,25,33525
8,2/25/2024,964,36,34704
8,2/26/2024,1525,20,30500
8,2/27/2024,1412,23,32476
8,2/28/2024,1177,30,35310
8,2/29/2024,1463,22,32186
8,3/1/2024,1003,35,35105
8,3/2/2024,1236,28,34608
8,3/3/2024,1836,12,22032
8,3/4/2024,1559,19,29621
8,3/5/2024,895,38,34010
8,3/6/2024,1852,11,20372
8,3/7/2024,1422,23,32706
8,3/8/2024,1091,32,34912
8,3/9/2024,1400,24,33600
8,3/10/2024,1465,22,32230
8,3/11/2024,1872,11,20592
8,3/12/2024,1053,33,34749
8,3/13/2024,1340,25,33500
8,3/14/2024,898,38,34124
8,3/15/2024,1597,18,28746
8,3/16/2024,1824,12,21888
8,3/17/2024,1462,22,32164
8,3/18/2024,1334,25,33350
8,3/19/2024,829,39,32331
8,3/20/2024,1898,10,18980
8,3/21/2024,1605,18,28890
8,3/22/2024,1003,35,35105
8,3/23/2024,1459,22,32098
8,3/24/2024,1832,12,21984
8,3/25/2024,1213,29,35177
8,3/26/2024,1838,11,20218
8,3/27/2024,1177,30,35310
8,3/28/2024,1507,21,31647
8,3/29/2024,1146,31,35526
8,3/30/2024,1822,12,21864
8,3/31/2024,1864,11,20504
8,4/1/2024,1714,15,25710
8,4/2/2024,837,39,32643
8,4/3/2024,1100,32,35200
8,4/4/2024,1502,21,31542
8,4/5/2024,1896,10,18960
8,4/6/2024,1622,17,27574
8,4/7/2024,968,36,34848
8,4/8/2024,1270,27,34290
8,4/9/2024,977,35,34195
8,4/10/2024,911,37,33707
8,4/11/2024,1672,16,26752
8,4/12/2024,1664,16,26624
8,4/13/2024,1042,34,35428
8,4/14/2024,1061,33,35013
8,4/15/2024,1386,24,33264
8,4/16/2024,1375,24,33000
8,4/17/2024,1667,16,26672
8,4/18/2024,1736,14,24304
8,4/19/2024,1881,10,18810
8,4/20/2024,1885,10,18850
8,4/21/2024,1738,14,24332
8,4/22/2024,1497,21,31437
8,4/23/2024,1082,32,34624
8,4/24/2024,1789,13,23257
8,4/25/2024,1132,31,35092
8,4/26/2024,882,38,33516
8,4/27/2024,805,40,32200
8,4/28/2024,1801,13,23413
8,4/29/2024,815,40,32600
8,4/30/2024,1618,18,29124
8,5/1/2024,1451,22,31922
8,5/2/2024,1158,30,34740
8,5/3/2024,1600,18,28800
8,5/4/2024,1499,21,31479
8,5/5/2024,1188,29,34452
8,5/6/2024,1868,11,20548
8,5/7/2024,1244,28,34832
8,5/8/2024,1146,31,35526
8,5/9/2024,1072,33,35376
8,5/10/2024,926,37,34262
8,5/11/2024,1205,29,34945
8,5/12/2024,1544,20,30880
8,5/13/2024,1412,23,32476
8,5/14/2024,1009,34,34306
8,5/15/2024,1344,25,33600
8,5/16/2024,1425,23,32775
8,5/17/2024,1269,27,34263
8,5/18/2024,1603,18,28854
8,5/19/2024,1437,23,33051
8,5/20/2024,1522,20,30440
8,5/21/2024,1015,34,34510
8,5/22/2024,1341,25,33525
8,5/23/2024,1238,28,34664
8,5/24/2024,1011,34,34374
8,5/25/2024,1484,21,31164
8,5/26/2024,1161,30,34830
8,5/27/2024,1652,17,28084
8,5/28/2024,1147,31,35557
8,5/29/2024,1034,34,35156
8,5/30/2024,847,39,33033
8,5/31/2024,1549,19,29431
8,6/1/2024,928,37,34336
8,6/2/2024,1499,21,31479
8,6/3/2024,1627,17,27659
8,6/4/2024,1505,21,31605
8,6/5/2024,1035,34,35190
8,6/6/2024,1703,15,25545
8,6/7/2024,1393,24,33432
8,6/8/2024,1081,32,34592
8,6/9/2024,1164,30,34920
8,6/10/2024,1562,19,29678
8,6/11/2024,1249,28,34972
8,6/12/2024,1750,14,24500
8,6/13/2024,1378,24,33072
8,6/14/2024,1765,14,24710
8,6/15/2024,1152,30,34560
8,6/16/2024,1021,34,34714
8,6/17/2024,1356,25,33900
8,6/18/2024,1560,19,29640
8,6/19/2024,1263,27,34101
8,6/20/2024,1782,13,23166
8,6/21/2024,1672,16,26752
8,6/22/2024,1039,34,35326
8,6/23/2024,994,35,34790
8,6/24/2024,1766,13,22958
8,6/25/2024,1418,23,32614
8,6/26/2024,995,35,34825
8,6/27/2024,1363,25,34075
8,6/28/2024,1222,29,35438
8,6/29/2024,1741,14,24374
8,6/30/2024,1813,12,21756
8,7/1/2024,1209,29,35061
8,7/2/2024,886,38,33668
8,7/3/2024,1433,23,32959
8,7/4/2024,922,37,34114
8,7/5/2024,812,40,32480
8,7/6/2024,1117,31,34627
8,7/7/2024,880,38,33440
8,7/8/2024,840,39,32760
8,7/9/2024,1804,12,21648
8,7/10/2024,1282,27,34614
8,7/11/2024,1812,12,21744
8,7/12/2024,1597,18,28746
8,7/13/2024,1042,34,35428
8,7/14/2024,1190,29,34510
8,7/15/2024,868,38,32984
9,1/1/2024,4371,11,48081
9,1/2/2024,5443,10,54430
9,1/3/2024,5672,10,56720
9,1/4/2024,3126,18,56268
9,1/5/2024,4445,11,48895
9,1/6/2024,5768,10,57680
9,1/7/2024,4088,13,53144
9,1/8/2024,4923,10,49230
9,1/9/2024,3239,17,55063
9,1/10/2024,5137,10,51370
9,1/11/2024,5271,10,52710
9,1/12/2024,3479,16,55664
9,1/13/2024,4988,10,49880
9,1/14/2024,4660,10,46600
9,1/15/2024,3964,13,51532
9,1/16/2024,5507,10,55070
9,1/17/2024,4442,11,48862
9,1/18/2024,3471,16,55536
9,1/19/2024,3894,14,54516
9,1/20/2024,3170,18,57060
9,1/21/2024,5626,10,56260
9,1/22/2024,5081,10,50810
9,1/23/2024,5805,10,58050
9,1/24/2024,5417,10,54170
9,1/25/2024,5265,10,52650
9,1/26/2024,3610,15,54150
9,1/27/2024,5605,10,56050
9,1/28/2024,3437,16,54992
9,1/29/2024,5125,10,51250
9,1/30/2024,5707,10,57070
9,1/31/2024,4215,12,50580
9,2/1/2024,3701,15,55515
9,2/2/2024,5913,10,59130
9,2/3/2024,4959,10,49590
9,2/4/2024,5074,10,50740
9,2/5/2024,3270,17,55590
9,2/6/2024,5652,10,56520
9,2/7/2024,5909,10,59090
9,2/8/2024,3419,16,54704
9,2/9/2024,5383,10,53830
9,2/10/2024,4326,12,51912
9,2/11/2024,4942,10,49420
9,2/12/2024,5013,10,50130
9,2/13/2024,3602,15,54030
9,2/14/2024,5911,10,59110
9,2/15/2024,5836,10,58360
9,2/16/2024,5270,10,52700
9,2/17/2024,5461,10,54610
9,2/18/2024,3316,17,56372
9,2/19/2024,4536,10,45360
9,2/20/2024,3857,14,53998
9,2/21/2024,5941,10,59410
9,2/22/2024,5219,10,52190
9,2/23/2024,4025,13,52325
9,2/24/2024,5512,10,55120
9,2/25/2024,3778,14,52892
9,2/26/2024,3551,16,56816
9,2/27/2024,3773,14,52822
9,2/28/2024,3973,13,51649
9,2/29/2024,4704,10,47040
9,3/1/2024,4975,10,49750
9,3/2/2024,5780,10,57800
9,3/3/2024,3647,15,54705
9,3/4/2024,4066,13,52858
9,3/5/2024,3644,15,54660
9,3/6/2024,5818,10,58180
9,3/7/2024,5559,10,55590
9,3/8/2024,3727,15,55905
9,3/9/2024,3179,18,57222
9,3/10/2024,5034,10,50340
9,3/11/2024,4280,12,51360
9,3/12/2024,3202,17,54434
9,3/13/2024,4911,10,49110
9,3/14/2024,5210,10,52100
9,3/15/2024,4003,13,52039
9,3/16/2024,4381,11,48191
9,3/17/2024,4223,12,50676
9,3/18/2024,5652,10,56520
9,3/19/2024,5860,10,58600
9,3/20/2024,5351,10,53510
9,3/21/2024,3889,14,54446
9,3/22/2024,3102,18,55836
9,3/23/2024,4300,12,51600
9,3/24/2024,5801,10,58010
9,3/25/2024,3392,16,54272
9,3/26/2024,4783,10,47830
9,3/27/2024,3433,16,54928
9,3/28/2024,3609,15,54135
9,3/29/2024,3767,14,52738
9,3/30/2024,5131,10,51310
9,3/31/2024,3324,17,56508
9,4/1/2024,4235,12,50820
9,4/2/2024,4868,10,48680
9,4/3/2024,4493,11,49423
9,4/4/2024,3214,17,54638
9,4/5/2024,3527,16,56432
9,4/6/2024,4152,12,49824
9,4/7/2024,4555,10,45550
9,4/8/2024,3289,17,55913
9,4/9/2024,4874,10,48740
9,4/10/2024,5358,10,53580
9,4/11/2024,4599,10,45990
9,4/12/2024,5528,10,55280
9,4/13/2024,5264,10,52640
9,4/14/2024,4431,11,48741
9,4/15/2024,4085,13,53105
9,4/16/2024,4146,12,49752
9,4/17/2024,4138,12,49656
9,4/18/2024,3364,17,57188
9,4/19/2024,3636,15,54540
9,4/20/2024,5828,10,58280
9,4/21/2024,5625,10,56250
9,4/22/2024,3762,14,52668
9,4/23/2024,4547,10,45470
9,4/24/2024,5343,10,53430
9,4/25/2024,5073,10,50730
9,4/26/2024,5409,10,54090
9,4/27/2024,5540,10,55400
9,4/28/2024,4739,10,47390
9,4/29/2024,4395,11,48345
9,4/30/2024,3655,15,54825
9,5/1/2024,3131,18,56358
9,5/2/2024,4287,12,51444
9,5/3/2024,3226,17,54842
9,5/4/2024,3552,16,56832
9,5/5/2024,5462,10,54620
9,5/6/2024,4869,10,48690
9,5/7/2024,5486,10,54860
9,5/8/2024,3115,18,56070
9,5/9/2024,5418,10,54180
9,5/10/2024,4132,13,53716
9,5/11/2024,4576,10,45760
9,5/12/2024,4697,10,46970
9,5/13/2024,3220,17,54740
9,5/14/2024,4358,11,47938
9,5/15/2024,4191,12,50292
9,5/16/2024,5161,10,51610
9,5/17/2024,4150,12,49800
9,5/18/2024,4522,10,45220
9,5/19/2024,5363,10,53630
9,5/20/2024,5137,10,51370
9,5/21/2024,3693,15,55395
9,5/22/2024,3647,15,54705
9,5/23/2024,4252,12,51024
9,5/24/2024,5761,10,57610
9,5/25/2024,5556,10,55560
9,5/26/2024,4629,10,46290
9,5/27/2024,5399,10,53990
9,5/28/2024,4677,10,46770
9,5/29/2024,4869,10,48690
9,5/30/2024,3824,14,53536
9,5/31/2024,4674,10,46740
9,6/1/2024,4083,13,53079
9,6/2/2024,3164,18,56952
9,6/3/2024,4107,13,53391
9,6/4/2024,3803,14,53242
9,6/5/2024,4776,10,47760
9,6/6/2024,5459,10,54590
9,6/7/2024,5399,10,53990
9,6/8/2024,5689,10,56890
9,6/9/2024,5779,10,57790
9,6/10/2024,5943,10,59430
9,6/11/2024,5604,10,56040
9,6/12/2024,5073,10,50730
9,6/13/2024,4865,10,48650
9,6/14/2024,5409,10,54090
9,6/15/2024,4680,10,46800
9,6/16/2024,4173,12,50076
9,6/17/2024,3146,18,56628
9,6/18/2024,4049,13,52637
9,6/19/2024,5100,10,51000
9,6/20/2024,3884,14,54376
9,6/21/2024,3097,18,55746
9,6/22/2024,3611,15,54165
9,6/23/2024,4990,10,49900
9,6/24/2024,3163,18,56934
9,6/25/2024,5009,10,50090
9,6/26/2024,3328,17,56576
9,6/27/2024,5752,10,57520
9,6/28/2024,5252,10,52520
9,6/29/2024,3100,18,55800
9,6/30/2024,5656,10,56560
9,7/1/2024,4931,10,49310
9,7/2/2024,4023,13,52299
9,7/3/2024,5046,10,50460
9,7/4/2024,3497,16,55952
9,7/5/2024,3147,18,56646
9,7/6/2024,4340,11,47740
9,7/7/2024,5544,10,55440
9,7/8/2024,4151,12,49812
9,7/9/2024,3178,18,57204
9,7/10/2024,3392,16,54272
9,7/11/2024,5333,10,53330
9,7/12/2024,5644,10,56440
9,7/13/2024,3420,16,54720
9,7/14/2024,4326,12,51912
9,7/15/2024,4096,13,53248
10,1/1/2024,951,32,30432
10,1/2/2024,994,30,29820
10,1/3/2024,1267,19,24073
10,1/4/2024,1463,11,16093
10,1/5/2024,1148,24,27552
10,1/6/2024,923,33,30459
10,1/7/2024,1300,18,23400
10,1/8/2024,849,36,30564
10,1/9/2024,966,31,29946
10,1/10/2024,1304,18,23472
10,1/11/2024,939,32,30048
10,1/12/2024,1332,16,21312
10,1/13/2024,1178,23,27094
10,1/14/2024,1252,20,25040
10,1/15/2024,879,35,30765
10,1/16/2024,1334,16,21344
10,1/17/2024,907,34,30838
10,1/18/2024,1446,12,17352
10,1/19/2024,839,37,31043
10,1/20/2024,1055,28,29540
10,1/21/2024,1163,23,26749
10,1/22/2024,1444,12,17328
10,1/23/2024,1049,28,29372
10,1/24/2024,1458,11,16038
10,1/25/2024,1238,20,24760
10,1/26/2024,1086,26,28236
10,1/27/2024,1208,22,26576
10,1/28/2024,867,35,30345
10,1/29/2024,1386,14,19404
10,1/30/2024,1418,13,18434
10,1/31/2024,920,33,30360
10,2/1/2024,1472,11,16192
10,2/2/2024,1108,26,28808
10,2/3/2024,1389,14,19446
10,2/4/2024,1457,11,16027
10,2/5/2024,820,37,30340
10,2/6/2024,828,37,30636
10,2/7/2024,1374,15,20610
10,2/8/2024,1169,23,26887
10,2/9/2024,1273,19,24187
10,2/10/2024,1194,22,26268
10,2/11/2024,1192,22,26224
10,2/12/2024,846,36,30456
10,2/13/2024,1449,12,17388
10,2/14/2024,1015,29,29435
10,2/15/2024,838,37,31006
10,2/16/2024,1225,21,25725
10,2/17/2024,1095,26,28470
10,2/18/2024,1488,10,14880
10,2/19/2024,1380,15,20700
10,2/20/2024,889,35,31115
10,2/21/2024,1339,16,21424
10,2/22/2024,840,36,30240
10,2/23/2024,1000,30,30000
10,2/24/2024,956,32,30592
10,2/25/2024,986,31,30566
10,2/26/2024,842,36,30312
10,2/27/2024,1315,17,22355
10,2/28/2024,1067,27,28809
10,2/29/2024,1146,24,27504
10,3/1/2024,1013,29,29377
10,3/2/2024,1072,27,28944
10,3/3/2024,1288,18,23184
10,3/4/2024,1216,21,25536
10,3/5/2024,1300,18,23400
10,3/6/2024,1072,27,28944
10,3/7/2024,1052,28,29456
10,3/8/2024,1181,23,27163
10,3/9/2024,1112,25,27800
10,3/10/2024,1226,21,25746
10,3/11/2024,1223,21,25683
10,3/12/2024,1146,24,27504
10,3/13/2024,1306,18,23508
10,3/14/2024,964,31,29884
10,3/15/2024,1255,20,25100
10,3/16/2024,903,34,30702
10,3/17/2024,1130,25,28250
10,3/18/2024,1417,13,18421
10,3/19/2024,1149,24,27576
10,3/20/2024,904,34,30736
10,3/21/2024,1451,12,17412
10,3/22/2024,1091,26,28366
10,3/23/2024,949,32,30368
10,3/24/2024,1309,17,22253
10,3/25/2024,901,34,30634
10,3/26/2024,1159,24,27816
10,3/27/2024,947,32,30304
10,3/28/2024,800,38,30400
10,3/29/2024,1456,11,16016
10,3/30/2024,1073,27,28971
10,3/31/2024,1027,29,29783
10,4/1/2024,1242,20,24840
10,4/2/2024,1394,14,19516
10,4/3/2024,1340,16,21440
10,4/4/2024,1151,24,27624
10,4/5/2024,824,37,30488
10,4/6/2024,1320,17,22440
10,4/7/2024,1031,29,29899
10,4/8/2024,1016,29,29464
10,4/9/2024,1422,13,18486
10,4/10/2024,1020,29,29580
10,4/11/2024,1205,22,26510
10,4/12/2024,1002,30,30060
10,4/13/2024,943,32,30176
10,4/14/2024,837,37,30969
10,4/15/2024,802,38,30476
10,4/16/2024,1197,22,26334
10,4/17/2024,877,35,30695
10,4/18/2024,1233,21,25893
10,4/19/2024,1092,26,28392
10,4/20/2024,1197,22,26334
10,4/21/2024,1060,28,29680
10,4/22/2024,1128,25,28200
10,4/23/2024,1373,15,20595
10,4/24/2024,984,31,30504
10,4/25/2024,1226,21,25746
10,4/26/2024,1271,19,24149
10,4/27/2024,1341,16,21456
10,4/28/2024,957,32,30624
10,4/29/2024,1483,10,14830
10,4/30/2024,988,30,29640
10,5/1/2024,1264,19,24016
10,5/2/2024,977,31,30287
10,5/3/2024,1099,26,28574
10,5/4/2024,1287,18,23166
10,5/5/2024,1239,20,24780
10,5/6/2024,1340,16,21440
10,5/7/2024,1159,24,27816
10,5/8/2024,841,36,30276
10,5/9/2024,1147,24,27528
10,5/10/2024,1206,22,26532
10,5/11/2024,1407,13,18291
10,5/12/2024,1271,19,24149
10,5/13/2024,1397,14,19558
10,5/14/2024,1066,27,28782
10,5/15/2024,1212,21,25452
10,5/16/2024,992,30,29760
10,5/17/2024,1126,25,28150
10,5/18/2024,1226,21,25746
10,5/19/2024,1294,18,23292
10,5/20/2024,1443,12,17316
10,5/21/2024,1108,26,28808
10,5/22/2024,1047,28,29316
10,5/23/2024,1307,18,23526
10,5/24/2024,948,32,30336
10,5/25/2024,1055,28,29540
10,5/26/2024,1061,28,29708
10,5/27/2024,909,34,30906
10,5/28/2024,1362,15,20430
10,5/29/2024,1387,14,19418
10,5/30/2024,1487,10,14870
10,5/31/2024,1184,23,27232
10,6/1/2024,1185,22,26070
10,6/2/2024,1320,17,22440
10,6/3/2024,1453,12,17436
10,6/4/2024,841,36,30276
10,6/5/2024,982,31,30442
10,6/6/2024,1357,15,20355
10,6/7/2024,1135,25,28375
10,6/8/2024,1086,26,28236
10,6/9/2024,1417,13,18421
10,6/10/2024,1123,25,28075
10,6/11/2024,999,30,29970
10,6/12/2024,1273,19,24187
10,6/13/2024,1256,20,25120
10,6/14/2024,1032,29,29928
10,6/15/2024,888,35,31080
10,6/16/2024,1253,20,25060
10,6/17/2024,1053,28,29484
10,6/18/2024,894,34,30396
10,6/19/2024,1384,14,19376
10,6/20/2024,976,31,30256
10,6/21/2024,1384,14,19376
10,6/22/2024,942,32,30144
10,6/23/2024,881,35,30835
10,6/24/2024,1187,22,26114
10,6/25/2024,1220,21,25620
10,6/26/2024,1034,29,29986
10,6/27/2024,1291,18,23238
10,6/28/2024,1459,11,16049
10,6/29/2024,1115,25,27875
10,6/30/2024,1348,16,21568
10,7/1/2024,1079,27,29133
10,7/2/2024,1057,28,29596
10,7/3/2024,1362,15,20430
10,7/4/2024,1020,29,29580
10,7/5/2024,816,37,30192
10,7/6/2024,1119,25,27975
10,7/7/2024,1073,27,28971
10,7/8/2024,935,33,30855
10,7/9/2024,1254,20,25080
10,7/10/2024,1106,26,28756
10,7/11/2024,1222,21,25662
10,7/12/2024,1392,14,19488
10,7/13/2024,1342,16,21472
10,7/14/2024,933,33,30789
10,7/15/2024,1235,20,24700
