Date,Product_ID,Market_Price,Base_Price,Quantity_Demanded
2024-01-01,1,1009.93,678.93,80
2024-01-02,1,1007.17,533.17,81
2024-01-03,1,1020.12,635.12,79
2024-01-04,1,1050.58,600.58,73
2024-01-05,1,1045.9,552.9,80
2024-01-06,1,1041.22,615.22,82
2024-01-07,1,1072.8,618.8,80
2024-01-08,1,1088.15,659.15,74
2024-01-09,1,1078.76,762.76,77
2024-01-10,1,1089.61,686.61,77
2024-01-11,1,1080.34,620.34,73
2024-01-12,1,1071.03,635.03,77
2024-01-13,1,1075.87,733.87,78
2024-01-14,1,1037.6,562.6,80
2024-01-15,1,1003.1,665.1,78
2024-01-16,1,991.86,522.86,79
2024-01-17,1,971.6,646.6,83
2024-01-18,1,977.89,579.89,82
2024-01-19,1,959.73,610.73,78
2024-01-20,1,931.48,500.0,79
2024-01-21,1,960.79,509.79,82
2024-01-22,1,956.28,644.28,81
2024-01-23,1,957.63,598.63,82
2024-01-24,1,929.13,500.0,83
2024-01-25,1,918.25,562.25,86
2024-01-26,1,920.46,585.46,84
2024-01-27,1,897.44,500.0,86
2024-01-28,1,904.96,585.96,82
2024-01-29,1,892.95,528.95,79
2024-01-30,1,887.11,580.11,88
2024-01-31,1,875.08,500.0,91
2024-02-01,1,912.12,500.0,84
2024-02-02,1,911.85,500.0,85
2024-02-03,1,890.7,500.0,86
2024-02-04,1,907.15,516.15,88
2024-02-05,1,882.73,500.0,88
2024-02-06,1,886.91,521.91,87
2024-02-07,1,847.72,516.72,88
2024-02-08,1,821.15,500.0,89
2024-02-09,1,825.09,500.0,86
2024-02-10,1,839.86,500.0,87
2024-02-11,1,843.29,500.0,90
2024-02-12,1,840.97,500.0,87
2024-02-13,1,834.95,500.0,88
2024-02-14,1,805.38,500.0,87
2024-02-15,1,790.98,500.0,91
2024-02-16,1,781.77,500.0,88
2024-02-17,1,802.91,500.0,90
2024-02-18,1,809.79,500.0,89
2024-02-19,1,774.53,500.0,88
2024-02-20,1,781.01,500.0,93
2024-02-21,1,773.31,500.0,91
2024-02-22,1,759.77,500.0,96
2024-02-23,1,772.0,500.0,94
2024-02-24,1,792.62,500.0,89
2024-02-25,1,811.25,500.0,88
2024-02-26,1,794.46,500.0,88
2024-02-27,1,788.28,500.0,87
2024-02-28,1,794.9,500.0,89
2024-02-29,1,814.41,500.0,92
2024-03-01,1,804.83,500.0,86
2024-03-02,1,801.12,500.0,92
2024-03-03,1,778.99,500.0,93
2024-03-04,1,755.07,500.0,93
2024-03-05,1,771.32,500.0,93
2024-03-06,1,798.44,500.0,88
2024-03-07,1,797.0,500.0,92
2024-03-08,1,817.07,500.0,88
2024-03-09,1,824.31,500.0,84
2024-03-10,1,811.4,500.0,90
2024-03-11,1,818.63,500.0,87
2024-03-12,1,849.39,500.0,90
2024-03-13,1,848.68,500.0,87
2024-03-14,1,879.97,528.97,86
2024-03-15,1,827.57,500.0,89
2024-03-16,1,844.01,532.01,87
2024-03-17,1,845.75,500.0,88
2024-03-18,1,839.77,500.0,90
2024-03-19,1,841.61,500.0,86
2024-03-20,1,801.86,500.0,89
2024-03-21,1,797.46,500.0,88
2024-03-22,1,804.6,500.0,93
2024-03-23,1,834.16,500.0,87
2024-03-24,1,823.8,500.0,89
2024-03-25,1,807.63,500.0,88
2024-03-26,1,797.59,500.0,90
2024-03-27,1,815.9,500.0,88
2024-03-28,1,822.48,500.0,90
2024-03-29,1,811.88,500.0,87
2024-03-30,1,822.15,500.0,86
2024-03-31,1,824.09,500.0,88
2024-04-01,1,843.46,521.46,86
2024-04-02,1,829.42,500.0,86
2024-04-03,1,822.87,500.0,88
2024-04-04,1,815.02,500.0,86
2024-04-05,1,785.75,500.0,94
2024-04-06,1,791.68,500.0,87
2024-04-07,1,796.9,500.0,89
2024-04-08,1,797.0,500.0,89
2024-04-09,1,792.31,500.0,94
2024-04-10,1,764.0,500.0,88
2024-04-11,1,755.59,500.0,93
2024-04-12,1,748.73,500.0,95
2024-04-13,1,732.69,500.0,93
2024-04-14,1,729.46,500.0,91
2024-04-15,1,737.54,500.0,93
2024-04-16,1,775.27,500.0,94
2024-04-17,1,778.76,500.0,90
2024-04-18,1,783.91,500.0,94
2024-04-19,1,782.42,500.0,91
2024-04-20,1,744.04,500.0,95
2024-04-21,1,743.51,500.0,93
2024-04-22,1,744.72,500.0,92
2024-04-23,1,793.98,500.0,94
2024-04-24,1,790.14,500.0,91
2024-04-25,1,796.17,500.0,91
2024-04-26,1,795.47,500.0,92
2024-04-27,1,772.1,500.0,93
2024-04-28,1,794.96,500.0,92
2024-04-29,1,809.99,500.0,87
2024-04-30,1,825.81,500.0,87
2024-05-01,1,807.63,500.0,88
2024-05-02,1,835.68,500.0,87
2024-05-03,1,807.65,500.0,88
2024-05-04,1,819.38,500.0,88
2024-05-05,1,863.19,500.0,88
2024-05-06,1,843.38,500.0,89
2024-05-07,1,832.06,500.0,88
2024-05-08,1,834.05,500.0,87
2024-05-09,1,823.98,500.0,91
2024-05-10,1,792.97,500.0,90
2024-05-11,1,794.34,500.0,92
2024-05-12,1,773.09,500.0,90
2024-05-13,1,782.56,500.0,92
2024-05-14,1,764.17,500.0,94
2024-05-15,1,795.17,500.0,85
2024-05-16,1,779.51,500.0,90
2024-05-17,1,773.07,500.0,93
2024-05-18,1,789.34,500.0,93
2024-05-19,1,764.72,500.0,92
2024-05-20,1,769.27,500.0,92
2024-05-21,1,795.41,500.0,93
2024-05-22,1,763.26,500.0,94
2024-05-23,1,766.95,500.0,90
2024-05-24,1,772.15,500.0,92
2024-05-25,1,787.79,500.0,91
2024-05-26,1,763.05,500.0,95
2024-05-27,1,736.64,500.0,95
2024-05-28,1,747.08,500.0,92
2024-05-29,1,753.02,500.0,93
2024-05-30,1,758.03,500.0,88
2024-05-31,1,764.96,500.0,94
2024-06-01,1,751.36,500.0,94
2024-06-02,1,756.0,500.0,95
2024-06-03,1,761.86,500.0,92
2024-06-04,1,747.58,500.0,93
2024-06-05,1,784.89,500.0,90
2024-06-06,1,794.37,500.0,88
2024-06-07,1,770.54,500.0,90
2024-06-08,1,783.67,500.0,87
2024-06-09,1,764.18,500.0,94
2024-06-10,1,779.92,500.0,87
2024-06-11,1,803.09,500.0,94
2024-06-12,1,786.68,500.0,87
2024-06-13,1,805.95,500.0,93
2024-06-14,1,814.2,503.2,87
2024-06-15,1,830.65,500.0,90
2024-06-16,1,868.58,504.58,85
2024-06-17,1,863.67,500.0,90
2024-06-18,1,848.6,500.0,88
2024-06-19,1,830.81,500.0,91
2024-06-20,1,814.49,500.0,89
2024-06-21,1,812.95,500.0,90
2024-06-22,1,819.77,500.0,90
2024-06-23,1,825.31,500.0,88
2024-06-24,1,841.85,530.85,85
2024-06-25,1,842.11,500.0,85
2024-06-26,1,871.18,526.18,87
2024-06-27,1,865.89,500.0,86
2024-06-28,1,920.29,586.29,80
2024-06-29,1,932.8,552.8,84
2024-06-30,1,915.66,526.66,82
2024-07-01,1,894.24,587.24,83
2024-07-02,1,903.89,511.89,85
2024-07-03,1,899.42,500.0,83
2024-07-04,1,913.7,524.7,85
2024-07-05,1,923.17,500.0,88
2024-07-06,1,921.71,507.71,83
2024-07-07,1,904.78,500.78,83
2024-07-08,1,874.48,500.0,87
2024-07-09,1,865.55,500.0,85
2024-07-10,1,882.68,525.68,86
2024-07-11,1,886.96,500.0,86
2024-07-12,1,862.04,500.0,87
2024-07-13,1,865.51,500.0,87
2024-07-14,1,873.21,500.0,87
2024-07-15,1,855.54,500.0,90
2024-01-01,2,994.94,685.94,80
2024-01-02,2,997.49,588.49,83
2024-01-03,2,1014.83,553.83,81
2024-01-04,2,1024.25,601.25,80
2024-01-05,2,1017.08,631.08,82
2024-01-06,2,1035.12,681.12,81
2024-01-07,2,1017.7,686.7,81
2024-01-08,2,1013.16,536.16,80
2024-01-09,2,997.74,563.74,79
2024-01-10,2,1009.26,617.26,80
2024-01-11,2,1033.05,726.05,77
2024-01-12,2,1037.52,673.52,74
2024-01-13,2,1039.03,683.03,77
2024-01-14,2,1021.53,655.53,80
2024-01-15,2,1007.48,521.48,78
2024-01-16,2,983.61,612.61,80
2024-01-17,2,940.08,587.08,83
2024-01-18,2,932.26,566.26,86
2024-01-19,2,926.29,576.29,83
2024-01-20,2,969.75,573.75,84
2024-01-21,2,1001.01,610.01,75
2024-01-22,2,1012.12,705.12,82
2024-01-23,2,1053.81,592.81,80
2024-01-24,2,1081.63,747.63,78
2024-01-25,2,1041.48,646.48,74
2024-01-26,2,1062.83,675.83,79
2024-01-27,2,1077.05,700.05,76
2024-01-28,2,1071.27,740.27,71
2024-01-29,2,1042.96,623.96,80
2024-01-30,2,1054.87,709.87,80
2024-01-31,2,1013.29,570.29,76
2024-02-01,2,1012.86,517.86,80
2024-02-02,2,1000.52,536.52,83
2024-02-03,2,975.34,500.0,84
2024-02-04,2,999.12,558.12,82
2024-02-05,2,998.29,644.29,75
2024-02-06,2,1001.77,526.77,81
2024-02-07,2,1019.93,713.93,79
2024-02-08,2,1019.75,646.75,81
2024-02-09,2,1028.78,722.78,79
2024-02-10,2,1045.1,585.1,78
2024-02-11,2,1056.43,606.43,78
2024-02-12,2,1062.15,678.15,77
2024-02-13,2,1097.81,651.81,75
2024-02-14,2,1122.65,711.65,73
2024-02-15,2,1120.94,696.94,71
2024-02-16,2,1102.74,656.74,76
2024-02-17,2,1115.52,780.52,73
2024-02-18,2,1119.83,791.83,74
2024-02-19,2,1154.01,667.01,73
2024-02-20,2,1173.76,792.76,67
2024-02-21,2,1189.05,888.05,67
2024-02-22,2,1189.31,761.31,70
2024-02-23,2,1171.79,825.79,72
2024-02-24,2,1167.83,671.83,73
2024-02-25,2,1177.37,730.37,68
2024-02-26,2,1142.78,832.78,74
2024-02-27,2,1167.61,738.61,71
2024-02-28,2,1208.95,714.95,68
2024-02-29,2,1170.05,752.05,70
2024-03-01,2,1142.05,703.05,75
2024-03-02,2,1146.64,827.64,73
2024-03-03,2,1134.99,830.99,73
2024-03-04,2,1140.21,804.21,73
2024-03-05,2,1138.78,673.78,75
2024-03-06,2,1118.3,682.3,74
2024-03-07,2,1144.07,792.07,73
2024-03-08,2,1153.36,682.36,75
2024-03-09,2,1142.16,744.16,72
2024-03-10,2,1172.26,787.26,73
2024-03-11,2,1162.1,755.1,71
2024-03-12,2,1137.26,814.26,72
2024-03-13,2,1140.93,760.93,73
2024-03-14,2,1147.99,690.99,74
2024-03-15,2,1158.63,739.63,74
2024-03-16,2,1172.56,814.56,72
2024-03-17,2,1182.88,755.88,68
2024-03-18,2,1192.39,779.39,72
2024-03-19,2,1180.92,766.92,76
2024-03-20,2,1167.3,854.3,72
2024-03-21,2,1182.15,874.15,67
2024-03-22,2,1187.02,848.02,71
2024-03-23,2,1203.42,710.42,70
2024-03-24,2,1169.28,845.28,71
2024-03-25,2,1159.26,757.26,74
2024-03-26,2,1197.4,697.4,73
2024-03-27,2,1208.45,887.45,71
2024-03-28,2,1214.36,911.36,69
2024-03-29,2,1228.52,775.52,71
2024-03-30,2,1272.69,787.69,63
2024-03-31,2,1312.65,984.65,63
2024-04-01,2,1281.06,873.06,65
2024-04-02,2,1256.85,859.85,67
2024-04-03,2,1224.58,888.58,70
2024-04-04,2,1209.64,835.64,69
2024-04-05,2,1210.74,841.74,68
2024-04-06,2,1215.58,770.58,71
2024-04-07,2,1184.97,757.97,70
2024-04-08,2,1147.62,763.62,73
2024-04-09,2,1132.33,791.33,74
2024-04-10,2,1150.65,751.65,73
2024-04-11,2,1172.46,832.46,71
2024-04-12,2,1206.57,741.57,72
2024-04-13,2,1205.93,872.93,70
2024-04-14,2,1222.49,906.49,71
2024-04-15,2,1242.69,778.69,69
2024-04-16,2,1232.75,780.75,72
2024-04-17,2,1240.51,819.51,69
2024-04-18,2,1253.68,878.68,69
2024-04-19,2,1235.5,849.5,70
2024-04-20,2,1268.34,852.34,67
2024-04-21,2,1267.56,862.56,65
2024-04-22,2,1269.3,884.3,66
2024-04-23,2,1250.36,924.36,67
2024-04-24,2,1234.77,878.77,66
2024-04-25,2,1190.84,860.84,71
2024-04-26,2,1191.94,758.94,69
2024-04-27,2,1242.06,775.06,68
2024-04-28,2,1221.68,824.68,69
2024-04-29,2,1281.21,970.21,66
2024-04-30,2,1309.49,957.49,66
2024-05-01,2,1300.02,802.02,64
2024-05-02,2,1300.57,863.57,66
2024-05-03,2,1297.86,825.86,68
2024-05-04,2,1331.99,887.99,64
2024-05-05,2,1342.33,889.33,61
2024-05-06,2,1365.97,876.97,60
2024-05-07,2,1373.13,952.13,61
2024-05-08,2,1370.89,1025.89,60
2024-05-09,2,1377.42,1014.42,59
2024-05-10,2,1369.28,940.28,62
2024-05-11,2,1340.24,987.24,63
2024-05-12,2,1356.51,950.51,63
2024-05-13,2,1326.49,834.49,66
2024-05-14,2,1321.11,971.11,63
2024-05-15,2,1312.31,832.31,62
2024-05-16,2,1325.18,990.18,63
2024-05-17,2,1356.47,942.47,64
2024-05-18,2,1380.57,1055.57,62
2024-05-19,2,1394.02,1066.02,61
2024-05-20,2,1381.42,933.42,60
2024-05-21,2,1377.76,1067.76,63
2024-05-22,2,1371.17,1032.17,63
2024-05-23,2,1361.76,1051.76,61
2024-05-24,2,1353.72,890.72,62
2024-05-25,2,1345.13,933.13,67
2024-05-26,2,1335.66,849.66,62
2024-05-27,2,1354.7,1016.7,59
2024-05-28,2,1333.61,980.61,66
2024-05-29,2,1319.02,922.02,66
2024-05-30,2,1287.35,933.35,65
2024-05-31,2,1315.66,905.66,64
2024-06-01,2,1299.73,848.73,63
2024-06-02,2,1312.95,863.95,65
2024-06-03,2,1322.45,954.45,66
2024-06-04,2,1348.83,993.83,61
2024-06-05,2,1344.63,1012.63,65
2024-06-06,2,1325.68,990.68,65
2024-06-07,2,1294.56,847.56,66
2024-06-08,2,1238.87,858.87,67
2024-06-09,2,1242.1,753.1,67
2024-06-10,2,1257.61,849.61,63
2024-06-11,2,1267.04,767.04,66
2024-06-12,2,1236.45,783.45,71
2024-06-13,2,1257.22,764.22,65
2024-06-14,2,1243.26,871.26,66
2024-06-15,2,1225.12,725.12,70
2024-06-16,2,1210.71,871.71,70
2024-06-17,2,1212.28,896.28,71
2024-06-18,2,1182.58,754.58,69
2024-06-19,2,1181.84,821.84,76
2024-06-20,2,1190.43,720.43,68
2024-06-21,2,1212.58,809.58,70
2024-06-22,2,1216.1,875.1,69
2024-06-23,2,1189.3,865.3,68
2024-06-24,2,1192.28,854.28,70
2024-06-25,2,1171.08,837.08,71
2024-06-26,2,1148.72,718.72,71
2024-06-27,2,1121.46,714.46,76
2024-06-28,2,1083.24,612.24,76
2024-06-29,2,1071.89,593.89,74
2024-06-30,2,1094.47,693.47,72
2024-07-01,2,1139.6,742.6,74
2024-07-02,2,1128.13,817.13,71
2024-07-03,2,1149.85,831.85,73
2024-07-04,2,1141.96,741.96,74
2024-07-05,2,1108.95,765.95,73
2024-07-06,2,1122.96,636.96,76
2024-07-07,2,1127.66,779.66,70
2024-07-08,2,1164.02,676.02,72
2024-07-09,2,1133.33,817.33,73
2024-07-10,2,1189.25,816.25,70
2024-07-11,2,1221.08,865.08,67
2024-07-12,2,1220.72,866.72,67
2024-07-13,2,1214.75,868.75,73
2024-07-14,2,1200.44,889.44,72
2024-07-15,2,1202.63,841.63,71
2024-01-01,3,1018.8,668.8,80
2024-01-02,3,1035.72,721.72,78
2024-01-03,3,1029.25,662.25,80
2024-01-04,3,1030.2,710.2,79
2024-01-05,3,1000.75,560.75,82
2024-01-06,3,998.96,680.96,79
2024-01-07,3,1022.63,689.63,79
2024-01-08,3,1009.41,632.41,78
2024-01-09,3,1029.88,605.88,79
2024-01-10,3,1031.71,536.71,79
2024-01-11,3,1004.0,588.0,81
2024-01-12,3,981.85,630.85,79
2024-01-13,3,1000.24,674.24,78
2024-01-14,3,1011.29,555.29,78
2024-01-15,3,1013.32,558.32,79
2024-01-16,3,1007.84,673.84,80
2024-01-17,3,1012.06,577.06,81
2024-01-18,3,1029.66,586.66,77
2024-01-19,3,1059.18,654.18,74
2024-01-20,3,1089.65,626.65,80
2024-01-21,3,1097.09,640.09,73
2024-01-22,3,1093.65,648.65,77
2024-01-23,3,1096.58,795.58,75
2024-01-24,3,1107.02,631.02,75
2024-01-25,3,1117.38,741.38,74
2024-01-26,3,1143.54,712.54,72
2024-01-27,3,1185.86,796.86,72
2024-01-28,3,1181.75,793.75,70
2024-01-29,3,1224.87,831.87,71
2024-01-30,3,1248.31,942.31,69
2024-01-31,3,1246.3,852.3,69
2024-02-01,3,1276.27,869.27,65
2024-02-02,3,1309.98,936.98,64
2024-02-03,3,1300.78,962.78,63
2024-02-04,3,1335.42,895.42,63
2024-02-05,3,1356.92,898.92,60
2024-02-06,3,1404.29,1034.29,62
2024-02-07,3,1395.81,905.81,60
2024-02-08,3,1388.74,1033.74,61
2024-02-09,3,1348.21,879.21,62
2024-02-10,3,1359.63,871.63,62
2024-02-11,3,1367.14,1026.14,67
2024-02-12,3,1355.88,872.88,62
2024-02-13,3,1354.24,1019.24,61
2024-02-14,3,1328.02,945.02,65
2024-02-15,3,1351.99,856.99,57
2024-02-16,3,1342.19,925.19,63
2024-02-17,3,1404.07,1098.07,59
2024-02-18,3,1400.56,1047.56,58
2024-02-19,3,1385.37,957.37,62
2024-02-20,3,1377.12,906.12,61
2024-02-21,3,1348.88,929.88,59
2024-02-22,3,1358.53,886.53,61
2024-02-23,3,1350.13,945.13,57
2024-02-24,3,1372.76,1026.76,62
2024-02-25,3,1367.26,945.26,62
2024-02-26,3,1394.95,954.95,59
2024-02-27,3,1410.1,992.1,61
2024-02-28,3,1410.67,961.67,57
2024-02-29,3,1442.28,1025.28,56
2024-03-01,3,1461.32,1141.32,58
2024-03-02,3,1520.25,1084.25,53
2024-03-03,3,1512.06,1187.06,54
2024-03-04,3,1513.59,1205.59,53
2024-03-05,3,1544.96,1230.96,52
2024-03-06,3,1514.09,1205.09,54
2024-03-07,3,1540.43,1119.43,52
2024-03-08,3,1549.22,1129.22,53
2024-03-09,3,1531.45,1107.45,52
2024-03-10,3,1504.19,1035.19,55
2024-03-11,3,1490.74,1119.74,54
2024-03-12,3,1445.05,994.05,55
2024-03-13,3,1435.26,1087.26,60
2024-03-14,3,1447.71,994.71,59
2024-03-15,3,1438.18,1048.18,63
2024-03-16,3,1465.95,1129.95,55
2024-03-17,3,1499.15,1132.15,55
2024-03-18,3,1524.66,1175.66,54
2024-03-19,3,1529.27,1078.27,56
2024-03-20,3,1482.78,1164.78,55
2024-03-21,3,1468.7,1069.7,54
2024-03-22,3,1465.86,1106.86,59
2024-03-23,3,1447.99,981.99,57
2024-03-24,3,1445.2,1057.2,59
2024-03-25,3,1477.4,1032.4,58
2024-03-26,3,1444.48,998.48,58
2024-03-27,3,1480.72,1017.72,56
2024-03-28,3,1498.41,1016.41,54
2024-03-29,3,1503.77,1135.77,55
2024-03-30,3,1489.5,1015.5,57
2024-03-31,3,1472.02,1124.02,55
2024-04-01,3,1439.5,1032.5,58
2024-04-02,3,1473.83,1013.83,54
2024-04-03,3,1504.59,1086.59,53
2024-04-04,3,1476.46,1028.46,56
2024-04-05,3,1465.41,1016.41,53
2024-04-06,3,1474.07,999.07,60
2024-04-07,3,1468.08,1132.08,54
2024-04-08,3,1429.71,987.71,58
2024-04-09,3,1416.55,954.55,62
2024-04-10,3,1455.57,957.57,55
2024-04-11,3,1443.77,984.77,53
2024-04-12,3,1440.5,1130.5,57
2024-04-13,3,1417.6,980.6,57
2024-04-14,3,1429.36,929.36,54
2024-04-15,3,1431.66,1054.66,59
2024-04-16,3,1416.82,1040.82,60
2024-04-17,3,1390.72,906.72,63
2024-04-18,3,1418.82,966.82,57
2024-04-19,3,1386.7,1085.7,57
2024-04-20,3,1396.78,1033.78,59
2024-04-21,3,1353.7,1019.7,62
2024-04-22,3,1367.85,1061.85,63
2024-04-23,3,1387.25,1003.25,63
2024-04-24,3,1409.15,964.15,62
2024-04-25,3,1405.93,1039.93,60
2024-04-26,3,1437.61,1096.61,60
2024-04-27,3,1483.76,1066.76,55
2024-04-28,3,1477.33,1053.33,56
2024-04-29,3,1468.31,1002.31,54
2024-04-30,3,1471.29,1003.29,57
2024-05-01,3,1461.74,1138.74,57
2024-05-02,3,1449.26,962.26,61
2024-05-03,3,1438.53,1093.53,58
2024-05-04,3,1472.84,1154.84,57
2024-05-05,3,1488.28,1121.28,56
2024-05-06,3,1478.66,1077.66,55
2024-05-07,3,1429.56,1088.56,57
2024-05-08,3,1398.67,1067.67,63
2024-05-09,3,1408.74,942.74,58
2024-05-10,3,1366.31,958.31,59
2024-05-11,3,1372.17,1037.17,63
2024-05-12,3,1350.85,954.85,65
2024-05-13,3,1352.69,889.69,61
2024-05-14,3,1353.97,923.97,61
2024-05-15,3,1356.38,984.38,63
2024-05-16,3,1348.49,913.49,61
2024-05-17,3,1339.95,943.95,61
2024-05-18,3,1325.53,903.53,65
2024-05-19,3,1335.21,966.21,64
2024-05-20,3,1351.31,883.31,65
2024-05-21,3,1326.93,831.93,61
2024-05-22,3,1325.9,1013.9,63
2024-05-23,3,1329.83,981.83,64
2024-05-24,3,1333.51,974.51,61
2024-05-25,3,1336.84,907.84,64
2024-05-26,3,1328.8,841.8,66
2024-05-27,3,1334.38,1030.38,62
2024-05-28,3,1346.74,875.74,63
2024-05-29,3,1349.56,1023.56,65
2024-05-30,3,1359.68,900.68,66
2024-05-31,3,1379.49,931.49,63
2024-06-01,3,1342.47,1035.47,64
2024-06-02,3,1361.34,862.34,60
2024-06-03,3,1368.19,1019.19,62
2024-06-04,3,1345.96,979.96,64
2024-06-05,3,1362.0,1019.0,61
2024-06-06,3,1354.04,930.04,61
2024-06-07,3,1348.8,991.8,60
2024-06-08,3,1338.65,1036.65,60
2024-06-09,3,1344.69,959.69,59
2024-06-10,3,1328.99,959.99,65
2024-06-11,3,1347.02,918.02,63
2024-06-12,3,1344.24,873.24,62
2024-06-13,3,1336.95,1035.95,62
2024-06-14,3,1352.01,951.01,63
2024-06-15,3,1345.62,1011.62,62
2024-06-16,3,1364.58,967.58,59
2024-06-17,3,1384.18,1055.18,63
2024-06-18,3,1357.48,942.48,63
2024-06-19,3,1379.67,1072.67,62
2024-06-20,3,1350.42,901.42,64
2024-06-21,3,1373.86,1030.86,60
2024-06-22,3,1414.42,929.42,62
2024-06-23,3,1431.92,1096.92,58
2024-06-24,3,1388.78,892.78,62
2024-06-25,3,1410.05,1034.05,61
2024-06-26,3,1454.97,1124.97,55
2024-06-27,3,1448.91,1102.91,59
2024-06-28,3,1448.22,1094.22,58
2024-06-29,3,1424.45,1019.45,59
2024-06-30,3,1430.69,941.69,58
2024-07-01,3,1456.07,999.07,57
2024-07-02,3,1470.03,1050.03,58
2024-07-03,3,1532.87,1178.87,55
2024-07-04,3,1533.53,1090.53,53
2024-07-05,3,1500.92,1189.92,52
2024-07-06,3,1504.34,1060.34,56
2024-07-07,3,1456.01,1013.01,59
2024-07-08,3,1445.34,1006.34,62
2024-07-09,3,1477.83,1042.83,58
2024-07-10,3,1484.33,1182.33,52
2024-07-11,3,1487.92,1044.92,56
2024-07-12,3,1524.34,1195.34,57
2024-07-13,3,1518.93,1196.93,55
2024-07-14,3,1544.16,1153.16,53
2024-07-15,3,1546.75,1132.75,54
2024-01-01,4,987.55,625.55,81
2024-01-02,4,997.11,589.11,81
2024-01-03,4,992.1,574.1,84
2024-01-04,4,991.71,671.71,78
2024-01-05,4,1008.28,551.28,79
2024-01-06,4,989.75,677.75,79
2024-01-07,4,1015.51,554.51,78
2024-01-08,4,1007.05,704.05,83
2024-01-09,4,1012.26,557.26,79
2024-01-10,4,984.25,583.25,84
2024-01-11,4,998.65,640.65,82
2024-01-12,4,1027.58,600.58,78
2024-01-13,4,1017.29,691.29,78
2024-01-14,4,995.08,627.08,78
2024-01-15,4,1000.64,676.64,78
2024-01-16,4,1029.74,599.74,79
2024-01-17,4,1000.74,604.74,80
2024-01-18,4,978.62,500.0,80
2024-01-19,4,969.53,645.53,78
2024-01-20,4,953.13,506.13,83
2024-01-21,4,936.78,500.0,82
2024-01-22,4,894.9,500.0,85
2024-01-23,4,906.68,500.0,85
2024-01-24,4,913.45,500.0,79
2024-01-25,4,879.48,500.0,83
2024-01-26,4,908.62,600.62,89
2024-01-27,4,942.24,527.24,82
2024-01-28,4,927.23,500.0,79
2024-01-29,4,950.56,517.56,80
2024-01-30,4,939.1,580.1,88
2024-01-31,4,942.72,500.0,81
2024-02-01,4,926.0,506.0,86
2024-02-02,4,970.29,532.29,82
2024-02-03,4,964.37,500.0,81
2024-02-04,4,966.9,500.0,83
2024-02-05,4,953.14,546.14,78
2024-02-06,4,990.36,583.36,78
2024-02-07,4,1028.1,528.1,78
2024-02-08,4,1060.72,630.72,74
2024-02-09,4,1079.84,704.84,75
2024-02-10,4,1067.35,738.35,78
2024-02-11,4,1083.91,763.91,76
2024-02-12,4,1083.76,628.76,78
2024-02-13,4,1110.01,621.01,75
2024-02-14,4,1132.33,672.33,75
2024-02-15,4,1119.35,657.35,74
2024-02-16,4,1138.3,659.3,72
2024-02-17,4,1151.94,818.94,75
2024-02-18,4,1096.47,756.47,74
2024-02-19,4,1112.49,762.49,75
2024-02-20,4,1103.85,629.85,76
2024-02-21,4,1086.13,705.13,77
2024-02-22,4,1069.27,712.27,74
2024-02-23,4,1066.56,692.56,79
2024-02-24,4,1076.16,592.16,74
2024-02-25,4,1048.86,726.86,79
2024-02-26,4,1052.65,577.65,78
2024-02-27,4,1064.19,637.19,78
2024-02-28,4,1101.42,652.42,73
2024-02-29,4,1079.89,763.89,77
2024-03-01,4,1072.9,704.9,79
2024-03-02,4,1078.13,671.13,76
2024-03-03,4,1101.08,663.08,73
2024-03-04,4,1094.99,701.99,77
2024-03-05,4,1118.97,804.97,74
2024-03-06,4,1080.22,690.22,73
2024-03-07,4,1055.15,593.15,75
2024-03-08,4,1062.13,730.13,76
2024-03-09,4,1033.91,609.91,81
2024-03-10,4,1010.42,695.42,82
2024-03-11,4,999.86,538.86,83
2024-03-12,4,1015.29,650.29,80
2024-03-13,4,977.37,510.37,83
2024-03-14,4,980.78,525.78,79
2024-03-15,4,1001.44,655.44,80
2024-03-16,4,997.54,531.54,81
2024-03-17,4,990.16,500.0,78
2024-03-18,4,998.2,500.0,81
2024-03-19,4,994.36,547.36,84
2024-03-20,4,1022.17,599.17,80
2024-03-21,4,999.94,699.94,82
2024-03-22,4,998.91,500.0,75
2024-03-23,4,1003.02,617.02,83
2024-03-24,4,995.45,568.45,80
2024-03-25,4,938.02,500.0,82
2024-03-26,4,934.81,568.81,83
2024-03-27,4,952.81,649.81,79
2024-03-28,4,968.37,500.0,84
2024-03-29,4,975.47,523.47,81
2024-03-30,4,953.51,607.51,81
2024-03-31,4,961.42,624.42,82
2024-04-01,4,949.95,507.95,85
2024-04-02,4,957.02,500.0,82
2024-04-03,4,959.45,639.45,79
2024-04-04,4,939.92,583.92,84
2024-04-05,4,922.07,506.07,82
2024-04-06,4,929.17,500.0,79
2024-04-07,4,924.75,579.75,87
2024-04-08,4,907.94,500.0,86
2024-04-09,4,889.49,500.0,85
2024-04-10,4,883.41,545.41,85
2024-04-11,4,914.77,500.0,87
2024-04-12,4,904.25,506.25,91
2024-04-13,4,903.97,527.97,86
2024-04-14,4,906.0,500.0,83
2024-04-15,4,883.38,500.0,86
2024-04-16,4,848.13,500.0,88
2024-04-17,4,827.59,500.0,84
2024-04-18,4,832.54,500.0,89
2024-04-19,4,834.28,500.0,89
2024-04-20,4,848.33,500.0,90
2024-04-21,4,850.27,505.27,90
2024-04-22,4,848.07,511.07,88
2024-04-23,4,835.99,500.0,91
2024-04-24,4,853.69,500.0,91
2024-04-25,4,835.3,500.0,88
2024-04-26,4,813.09,500.0,90
2024-04-27,4,824.44,500.0,85
2024-04-28,4,797.77,500.0,87
2024-04-29,4,846.07,517.07,86
2024-04-30,4,847.67,500.0,87
2024-05-01,4,854.63,500.0,85
2024-05-02,4,838.46,500.0,88
2024-05-03,4,832.15,508.15,88
2024-05-04,4,823.62,500.0,91
2024-05-05,4,812.78,500.0,88
2024-05-06,4,825.44,512.44,84
2024-05-07,4,816.45,500.0,89
2024-05-08,4,836.8,500.0,88
2024-05-09,4,890.06,500.0,84
2024-05-10,4,884.15,500.0,86
2024-05-11,4,887.2,505.2,83
2024-05-12,4,894.79,500.0,86
2024-05-13,4,931.02,500.0,89
2024-05-14,4,929.36,500.0,80
2024-05-15,4,912.78,500.0,83
2024-05-16,4,887.46,569.46,84
2024-05-17,4,886.3,500.0,85
2024-05-18,4,877.33,550.33,88
2024-05-19,4,917.53,500.0,85
2024-05-20,4,952.93,582.93,84
2024-05-21,4,932.24,570.24,83
2024-05-22,4,918.02,546.02,81
2024-05-23,4,919.5,500.0,82
2024-05-24,4,947.44,529.44,84
2024-05-25,4,948.58,528.58,83
2024-05-26,4,935.64,617.64,86
2024-05-27,4,934.46,500.0,84
2024-05-28,4,921.89,500.0,82
2024-05-29,4,933.94,514.94,82
2024-05-30,4,919.76,500.0,85
2024-05-31,4,909.55,500.0,86
2024-06-01,4,932.79,572.79,85
2024-06-02,4,917.42,500.0,82
2024-06-03,4,888.5,500.0,83
2024-06-04,4,890.4,561.4,85
2024-06-05,4,883.19,575.19,89
2024-06-06,4,893.42,530.42,84
2024-06-07,4,899.77,500.0,86
2024-06-08,4,899.13,500.0,86
2024-06-09,4,897.91,546.91,87
2024-06-10,4,883.19,500.0,89
2024-06-11,4,884.86,500.0,89
2024-06-12,4,902.49,550.49,84
2024-06-13,4,883.02,500.0,82
2024-06-14,4,882.91,505.91,84
2024-06-15,4,903.68,563.68,85
2024-06-16,4,913.79,500.0,84
2024-06-17,4,939.97,572.97,87
2024-06-18,4,928.61,621.61,84
2024-06-19,4,892.0,591.0,87
2024-06-20,4,896.01,500.0,86
2024-06-21,4,903.26,500.0,84
2024-06-22,4,930.63,521.63,80
2024-06-23,4,954.39,569.39,82
2024-06-24,4,965.13,500.0,88
2024-06-25,4,980.44,561.44,78
2024-06-26,4,976.6,550.6,78
2024-06-27,4,952.22,500.0,86
2024-06-28,4,954.57,639.57,84
2024-06-29,4,974.22,613.22,82
2024-06-30,4,987.35,575.35,83
2024-07-01,4,1004.03,529.03,78
2024-07-02,4,995.47,538.47,80
2024-07-03,4,990.16,679.16,82
2024-07-04,4,999.83,665.83,84
2024-07-05,4,988.9,678.9,78
2024-07-06,4,978.58,615.58,84
2024-07-07,4,984.54,635.54,82
2024-07-08,4,999.76,551.76,80
2024-07-09,4,995.77,627.77,80
2024-07-10,4,972.51,625.51,79
2024-07-11,4,957.79,638.79,84
2024-07-12,4,961.86,561.86,80
2024-07-13,4,965.69,500.0,80
2024-07-14,4,970.52,500.0,83
2024-07-15,4,980.95,520.95,83
2024-01-01,5,1001.58,536.58,79
2024-01-02,5,1023.17,569.17,81
2024-01-03,5,1051.69,737.69,79
2024-01-04,5,1077.85,717.85,78
2024-01-05,5,1067.29,646.29,76
2024-01-06,5,1087.57,767.57,70
2024-01-07,5,1091.8,746.8,78
2024-01-08,5,1126.32,630.32,73
2024-01-09,5,1123.85,690.85,75
2024-01-10,5,1116.72,779.72,78
2024-01-11,5,1104.44,743.44,80
2024-01-12,5,1108.23,723.23,73
2024-01-13,5,1117.56,628.56,74
2024-01-14,5,1127.28,750.28,76
2024-01-15,5,1134.26,789.26,72
2024-01-16,5,1147.69,707.69,71
2024-01-17,5,1143.23,841.23,72
2024-01-18,5,1125.78,820.78,74
2024-01-19,5,1106.59,714.59,74
2024-01-20,5,1126.09,819.09,73
2024-01-21,5,1135.5,664.5,71
2024-01-22,5,1098.38,691.38,77
2024-01-23,5,1120.31,660.31,77
2024-01-24,5,1157.92,783.92,75
2024-01-25,5,1143.6,767.6,72
2024-01-26,5,1150.33,801.33,74
2024-01-27,5,1140.86,830.86,73
2024-01-28,5,1153.42,759.42,71
2024-01-29,5,1130.1,675.1,75
2024-01-30,5,1128.67,759.67,72
2024-01-31,5,1148.3,680.3,72
2024-02-01,5,1173.02,858.02,69
2024-02-02,5,1181.55,814.55,70
2024-02-03,5,1174.76,776.76,72
2024-02-04,5,1142.91,795.91,76
2024-02-05,5,1127.76,644.76,73
2024-02-06,5,1118.38,755.38,72
2024-02-07,5,1104.42,618.42,78
2024-02-08,5,1105.61,716.61,74
2024-02-09,5,1098.77,609.77,72
2024-02-10,5,1102.22,727.22,75
2024-02-11,5,1126.27,688.27,73
2024-02-12,5,1118.14,718.14,79
2024-02-13,5,1090.48,702.48,76
2024-02-14,5,1076.45,759.45,76
2024-02-15,5,1088.12,770.12,74
2024-02-16,5,1101.68,747.68,76
2024-02-17,5,1109.8,708.8,77
2024-02-18,5,1135.82,718.82,74
2024-02-19,5,1132.09,679.09,72
2024-02-20,5,1173.13,740.13,72
2024-02-21,5,1189.5,886.5,70
2024-02-22,5,1139.03,732.03,74
2024-02-23,5,1175.04,761.04,71
2024-02-24,5,1159.7,831.7,71
2024-02-25,5,1139.02,781.02,72
2024-02-26,5,1149.49,725.49,74
2024-02-27,5,1114.73,717.73,74
2024-02-28,5,1100.82,784.82,74
2024-02-29,5,1131.96,725.96,72
2024-03-01,5,1143.09,801.09,74
2024-03-02,5,1159.33,780.33,73
2024-03-03,5,1146.19,653.19,72
2024-03-04,5,1115.43,654.43,73
2024-03-05,5,1129.56,822.56,77
2024-03-06,5,1148.17,708.17,69
2024-03-07,5,1165.87,760.87,73
2024-03-08,5,1170.05,863.05,74
2024-03-09,5,1150.71,755.71,66
2024-03-10,5,1199.46,806.46,72
2024-03-11,5,1209.06,845.06,69
2024-03-12,5,1205.58,735.58,70
2024-03-13,5,1202.19,864.19,69
2024-03-14,5,1205.18,825.18,72
2024-03-15,5,1226.58,740.58,69
2024-03-16,5,1230.37,847.37,69
2024-03-17,5,1247.54,860.54,66
2024-03-18,5,1250.57,865.57,71
2024-03-19,5,1248.32,856.32,68
2024-03-20,5,1261.14,876.14,72
2024-03-21,5,1273.21,930.21,70
2024-03-22,5,1269.82,833.82,63
2024-03-23,5,1254.83,790.83,66
2024-03-24,5,1261.67,888.67,65
2024-03-25,5,1263.23,928.23,67
2024-03-26,5,1252.14,852.14,68
2024-03-27,5,1235.29,780.29,69
2024-03-28,5,1243.5,774.5,70
2024-03-29,5,1254.5,784.5,70
2024-03-30,5,1247.3,778.3,70
2024-03-31,5,1235.7,832.7,67
2024-04-01,5,1219.1,854.1,67
2024-04-02,5,1226.74,872.74,69
2024-04-03,5,1210.66,711.66,70
2024-04-04,5,1255.48,780.48,67
2024-04-05,5,1247.28,857.28,65
2024-04-06,5,1198.77,877.77,71
2024-04-07,5,1198.17,798.17,69
2024-04-08,5,1196.71,742.71,69
2024-04-09,5,1218.94,798.94,69
2024-04-10,5,1224.71,832.71,68
2024-04-11,5,1208.03,714.03,69
2024-04-12,5,1202.3,795.3,67
2024-04-13,5,1208.85,768.85,69
2024-04-14,5,1165.56,693.56,73
2024-04-15,5,1192.33,883.33,71
2024-04-16,5,1175.71,867.71,73
2024-04-17,5,1204.05,723.05,68
2024-04-18,5,1211.9,757.9,67
2024-04-19,5,1224.49,891.49,68
2024-04-20,5,1247.48,819.48,66
2024-04-21,5,1258.94,799.94,66
2024-04-22,5,1272.4,884.4,67
2024-04-23,5,1269.11,877.11,66
2024-04-24,5,1276.55,906.55,64
2024-04-25,5,1264.8,898.8,66
2024-04-26,5,1257.93,810.93,68
2024-04-27,5,1297.23,881.23,66
2024-04-28,5,1281.06,888.06,67
2024-04-29,5,1284.15,822.15,67
2024-04-30,5,1286.42,888.42,65
2024-05-01,5,1280.2,868.2,67
2024-05-02,5,1290.49,888.49,65
2024-05-03,5,1302.29,912.29,65
2024-05-04,5,1283.77,894.77,64
2024-05-05,5,1285.8,969.8,66
2024-05-06,5,1264.15,947.15,68
2024-05-07,5,1279.92,807.92,67
2024-05-08,5,1283.45,868.45,63
2024-05-09,5,1285.1,893.1,66
2024-05-10,5,1298.28,818.28,62
2024-05-11,5,1292.77,902.77,66
2024-05-12,5,1311.05,930.05,63
2024-05-13,5,1292.08,925.08,69
2024-05-14,5,1320.32,828.32,64
2024-05-15,5,1309.3,896.3,66
2024-05-16,5,1275.37,975.37,70
2024-05-17,5,1268.8,911.8,65
2024-05-18,5,1259.96,806.96,68
2024-05-19,5,1253.24,845.24,65
2024-05-20,5,1257.88,810.88,68
2024-05-21,5,1279.83,864.83,70
2024-05-22,5,1276.0,890.0,65
2024-05-23,5,1262.17,953.17,65
2024-05-24,5,1239.64,881.64,68
2024-05-25,5,1230.27,890.27,73
2024-05-26,5,1192.52,788.52,72
2024-05-27,5,1178.01,746.01,69
2024-05-28,5,1202.89,781.89,73
2024-05-29,5,1186.43,694.43,67
2024-05-30,5,1199.0,755.0,74
2024-05-31,5,1174.47,853.47,73
2024-06-01,5,1209.89,812.89,73
2024-06-02,5,1246.65,778.65,64
2024-06-03,5,1258.47,891.47,67
2024-06-04,5,1298.29,802.29,65
2024-06-05,5,1305.41,867.41,63
2024-06-06,5,1320.78,965.78,61
2024-06-07,5,1346.02,868.02,64
2024-06-08,5,1349.61,901.61,64
2024-06-09,5,1318.56,920.56,67
2024-06-10,5,1334.34,959.34,62
2024-06-11,5,1324.9,999.9,63
2024-06-12,5,1316.95,902.95,61
2024-06-13,5,1322.91,876.91,67
2024-06-14,5,1334.24,926.24,63
2024-06-15,5,1337.24,850.24,65
2024-06-16,5,1349.95,851.95,64
2024-06-17,5,1335.82,989.82,66
2024-06-18,5,1334.96,964.96,62
2024-06-19,5,1351.95,898.95,64
2024-06-20,5,1387.4,1048.4,61
2024-06-21,5,1429.93,997.93,63
2024-06-22,5,1438.59,990.59,56
2024-06-23,5,1455.39,1024.39,60
2024-06-24,5,1495.02,1173.02,56
2024-06-25,5,1481.6,1076.6,57
2024-06-26,5,1494.2,1111.2,55
2024-06-27,5,1509.57,1067.57,57
2024-06-28,5,1538.52,1123.52,54
2024-06-29,5,1515.78,1107.78,51
2024-06-30,5,1496.99,1061.99,58
2024-07-01,5,1497.42,1157.42,57
2024-07-02,5,1504.97,1093.97,56
2024-07-03,5,1527.43,1081.43,51
2024-07-04,5,1537.78,1126.78,51
2024-07-05,5,1534.75,1132.75,50
2024-07-06,5,1543.08,1198.08,54
2024-07-07,5,1549.1,1094.1,50
2024-07-08,5,1584.0,1217.0,50
2024-07-09,5,1587.32,1166.32,53
2024-07-10,5,1579.66,1265.66,53
2024-07-11,5,1588.65,1124.65,50
2024-07-12,5,1592.62,1164.62,50
2024-07-13,5,1561.2,1067.2,50
2024-07-14,5,1560.88,1150.88,54
2024-07-15,5,1558.87,1235.87,51
2024-01-01,6,1006.61,594.61,80
2024-01-02,6,956.83,529.83,83
2024-01-03,6,976.39,615.39,80
2024-01-04,6,961.33,624.33,81
2024-01-05,6,933.81,500.0,84
2024-01-06,6,927.02,500.0,84
2024-01-07,6,915.09,500.0,84
2024-01-08,6,936.57,576.57,80
2024-01-09,6,928.17,500.17,85
2024-01-10,6,955.42,500.0,84
2024-01-11,6,962.02,507.02,85
2024-01-12,6,979.91,531.91,82
2024-01-13,6,979.86,558.86,81
2024-01-14,6,1005.31,596.31,78
2024-01-15,6,982.23,670.23,84
2024-01-16,6,984.51,530.51,81
2024-01-17,6,976.58,577.58,82
2024-01-18,6,1004.51,570.51,79
2024-01-19,6,1034.49,713.49,78
2024-01-20,6,1034.5,661.5,80
2024-01-21,6,1008.67,528.67,78
2024-01-22,6,1017.21,586.21,82
2024-01-23,6,983.92,661.92,84
2024-01-24,6,1016.44,598.44,78
2024-01-25,6,1006.98,637.98,78
2024-01-26,6,1006.37,623.37,76
2024-01-27,6,992.75,592.75,78
2024-01-28,6,974.71,591.71,83
2024-01-29,6,989.46,529.46,81
2024-01-30,6,986.29,659.29,82
2024-01-31,6,987.14,552.14,77
2024-02-01,6,967.06,667.06,81
2024-02-02,6,984.18,520.18,84
2024-02-03,6,1003.33,641.33,80
2024-02-04,6,999.16,678.16,77
2024-02-05,6,1024.51,655.51,79
2024-02-06,6,1022.43,598.43,77
2024-02-07,6,1038.03,590.03,79
2024-02-08,6,1005.57,610.57,80
2024-02-09,6,1012.64,550.64,80
2024-02-10,6,1007.21,629.21,77
2024-02-11,6,1010.32,706.32,79
2024-02-12,6,1012.53,653.53,82
2024-02-13,6,1015.05,596.05,77
2024-02-14,6,1027.36,682.36,77
2024-02-15,6,1016.06,539.06,80
2024-02-16,6,1027.44,552.44,79
2024-02-17,6,1052.09,619.09,76
2024-02-18,6,1023.89,668.89,78
2024-02-19,6,1008.27,599.27,81
2024-02-20,6,993.5,507.5,82
2024-02-21,6,971.66,515.66,79
2024-02-22,6,962.17,500.0,83
2024-02-23,6,982.83,579.83,84
2024-02-24,6,1011.78,635.78,79
2024-02-25,6,1013.91,568.91,77
2024-02-26,6,1007.42,706.42,77
2024-02-27,6,1023.48,716.48,79
2024-02-28,6,976.2,602.2,83
2024-02-29,6,955.1,500.0,82
2024-03-01,6,908.66,500.0,85
2024-03-02,6,887.35,550.35,84
2024-03-03,6,872.01,500.0,88
2024-03-04,6,901.56,575.56,83
2024-03-05,6,846.34,527.34,87
2024-03-06,6,838.01,500.0,89
2024-03-07,6,850.4,508.4,83
2024-03-08,6,858.61,500.0,87
2024-03-09,6,887.85,557.85,84
2024-03-10,6,891.07,501.07,85
2024-03-11,6,898.56,538.56,84
2024-03-12,6,861.79,500.0,91
2024-03-13,6,842.02,500.0,87
2024-03-14,6,806.37,500.0,93
2024-03-15,6,817.82,500.0,90
2024-03-16,6,824.79,500.0,87
2024-03-17,6,831.06,500.0,89
2024-03-18,6,813.43,500.0,89
2024-03-19,6,793.98,500.0,91
2024-03-20,6,798.16,500.0,89
2024-03-21,6,784.78,500.0,94
2024-03-22,6,764.37,500.0,94
2024-03-23,6,754.2,500.0,92
2024-03-24,6,740.99,500.0,96
2024-03-25,6,723.65,500.0,94
2024-03-26,6,699.14,500.0,97
2024-03-27,6,708.11,500.0,95
2024-03-28,6,739.23,500.0,94
2024-03-29,6,738.45,500.0,93
2024-03-30,6,742.9,500.0,93
2024-03-31,6,753.63,500.0,93
2024-04-01,6,760.96,500.0,91
2024-04-02,6,744.02,500.0,92
2024-04-03,6,778.42,500.0,91
2024-04-04,6,763.27,500.0,92
2024-04-05,6,776.23,500.0,91
2024-04-06,6,786.84,500.0,93
2024-04-07,6,747.67,500.0,94
2024-04-08,6,740.49,500.0,93
2024-04-09,6,741.62,500.0,96
2024-04-10,6,744.29,500.0,97
2024-04-11,6,750.31,500.0,88
2024-04-12,6,765.47,500.0,94
2024-04-13,6,765.32,500.0,90
2024-04-14,6,772.41,500.0,93
2024-04-15,6,771.51,500.0,94
2024-04-16,6,751.16,500.0,91
2024-04-17,6,751.81,500.0,89
2024-04-18,6,766.79,500.0,93
2024-04-19,6,788.97,500.0,91
2024-04-20,6,799.72,500.0,87
2024-04-21,6,826.4,500.0,94
2024-04-22,6,834.78,500.0,90
2024-04-23,6,852.06,500.0,89
2024-04-24,6,870.81,500.0,89
2024-04-25,6,866.34,500.0,86
2024-04-26,6,880.86,561.86,86
2024-04-27,6,862.05,515.05,84
2024-04-28,6,869.04,500.0,85
2024-04-29,6,880.58,500.0,87
2024-04-30,6,901.6,500.0,82
2024-05-01,6,918.02,509.02,83
2024-05-02,6,939.3,500.0,81
2024-05-03,6,937.31,610.31,83
2024-05-04,6,930.41,500.0,85
2024-05-05,6,924.91,500.0,85
2024-05-06,6,930.23,572.23,85
2024-05-07,6,894.06,500.0,88
2024-05-08,6,920.69,570.69,85
2024-05-09,6,921.57,500.0,88
2024-05-10,6,913.27,602.27,85
2024-05-11,6,862.68,513.68,87
2024-05-12,6,861.94,500.0,88
2024-05-13,6,857.97,500.0,87
2024-05-14,6,840.03,500.0,92
2024-05-15,6,826.57,500.0,91
2024-05-16,6,826.04,500.0,90
2024-05-17,6,814.27,501.27,90
2024-05-18,6,825.71,500.0,88
2024-05-19,6,810.73,500.0,91
2024-05-20,6,813.83,500.0,87
2024-05-21,6,837.43,500.0,91
2024-05-22,6,836.7,500.0,88
2024-05-23,6,843.82,500.0,88
2024-05-24,6,849.67,500.0,86
2024-05-25,6,849.83,500.0,89
2024-05-26,6,848.49,500.0,87
2024-05-27,6,837.06,517.06,89
2024-05-28,6,840.08,500.0,90
2024-05-29,6,834.42,500.0,87
2024-05-30,6,865.34,500.0,84
2024-05-31,6,881.56,500.0,89
2024-06-01,6,852.5,500.0,87
2024-06-02,6,824.56,500.0,89
2024-06-03,6,821.95,500.0,90
2024-06-04,6,814.05,500.0,87
2024-06-05,6,810.38,500.0,90
2024-06-06,6,823.4,500.0,89
2024-06-07,6,829.72,500.0,87
2024-06-08,6,835.83,500.0,86
2024-06-09,6,864.76,561.76,88
2024-06-10,6,836.98,500.0,90
2024-06-11,6,839.06,500.0,88
2024-06-12,6,827.48,500.0,86
2024-06-13,6,856.18,500.0,85
2024-06-14,6,812.0,500.0,89
2024-06-15,6,768.69,500.0,95
2024-06-16,6,774.78,500.0,91
2024-06-17,6,797.31,500.0,89
2024-06-18,6,812.77,500.0,86
2024-06-19,6,796.75,500.0,89
2024-06-20,6,826.88,500.0,86
2024-06-21,6,802.25,500.0,88
2024-06-22,6,828.4,500.0,89
2024-06-23,6,806.42,500.0,89
2024-06-24,6,799.38,500.0,93
2024-06-25,6,812.17,500.0,92
2024-06-26,6,782.84,500.0,90
2024-06-27,6,812.22,500.0,88
2024-06-28,6,805.06,500.0,93
2024-06-29,6,807.81,500.0,93
2024-06-30,6,831.05,500.0,84
2024-07-01,6,815.19,500.0,89
2024-07-02,6,836.41,500.0,88
2024-07-03,6,869.22,500.0,88
2024-07-04,6,856.11,500.0,91
2024-07-05,6,883.49,500.0,85
2024-07-06,6,848.28,536.28,83
2024-07-07,6,856.07,500.0,88
2024-07-08,6,831.5,500.0,91
2024-07-09,6,850.35,500.0,87
2024-07-10,6,867.56,502.56,85
2024-07-11,6,909.11,574.11,84
2024-07-12,6,937.54,500.0,85
2024-07-13,6,934.22,609.22,82
2024-07-14,6,912.58,538.58,85
2024-07-15,6,923.9,500.0,84
2024-01-01,7,998.49,640.49,80
2024-01-02,7,1012.52,558.52,80
2024-01-03,7,1002.95,676.95,77
2024-01-04,7,994.33,616.33,78
2024-01-05,7,1010.29,639.29,79
2024-01-06,7,990.55,684.55,81
2024-01-07,7,972.94,500.0,81
2024-01-08,7,947.74,537.74,83
2024-01-09,7,964.72,546.72,83
2024-01-10,7,962.61,500.0,85
2024-01-11,7,936.34,574.34,83
2024-01-12,7,953.42,530.42,85
2024-01-13,7,942.31,631.31,85
2024-01-14,7,924.87,500.0,88
2024-01-15,7,920.96,578.96,84
2024-01-16,7,950.53,634.53,82
2024-01-17,7,942.63,580.63,85
2024-01-18,7,954.14,535.14,83
2024-01-19,7,968.68,633.68,84
2024-01-20,7,977.55,670.55,83
2024-01-21,7,1002.97,634.97,76
2024-01-22,7,988.83,599.83,81
2024-01-23,7,967.96,632.96,82
2024-01-24,7,946.7,619.7,83
2024-01-25,7,943.81,526.81,83
2024-01-26,7,924.87,532.87,81
2024-01-27,7,927.82,500.0,85
2024-01-28,7,929.36,554.36,84
2024-01-29,7,949.73,549.73,85
2024-01-30,7,955.56,500.0,79
2024-01-31,7,947.23,500.0,84
2024-02-01,7,955.45,512.45,82
2024-02-02,7,934.85,621.85,84
2024-02-03,7,934.08,564.08,83
2024-02-04,7,940.47,500.0,84
2024-02-05,7,943.06,520.06,83
2024-02-06,7,951.36,527.36,80
2024-02-07,7,938.48,602.48,83
2024-02-08,7,961.52,633.52,81
2024-02-09,7,997.96,503.96,80
2024-02-10,7,965.91,523.91,75
2024-02-11,7,941.6,500.0,84
2024-02-12,7,942.46,500.0,82
2024-02-13,7,937.33,500.0,80
2024-02-14,7,975.26,657.26,83
2024-02-15,7,979.65,574.65,82
2024-02-16,7,1007.5,687.5,79
2024-02-17,7,966.52,603.52,79
2024-02-18,7,982.8,518.8,81
2024-02-19,7,968.49,642.49,82
2024-02-20,7,953.86,599.86,84
2024-02-21,7,948.89,620.89,82
2024-02-22,7,920.4,500.0,86
2024-02-23,7,929.26,605.26,82
2024-02-24,7,933.07,564.07,81
2024-02-25,7,938.4,576.4,81
2024-02-26,7,956.14,500.0,82
2024-02-27,7,986.43,557.43,81
2024-02-28,7,979.16,530.16,82
2024-02-29,7,988.71,673.71,80
2024-03-01,7,994.57,549.57,82
2024-03-02,7,1002.12,506.12,79
2024-03-03,7,1009.97,528.97,76
2024-03-04,7,1041.78,642.78,78
2024-03-05,7,1032.59,703.59,74
2024-03-06,7,1002.07,658.07,80
2024-03-07,7,988.11,670.11,83
2024-03-08,7,1003.26,670.26,78
2024-03-09,7,1003.73,563.73,83
2024-03-10,7,994.37,524.37,82
2024-03-11,7,972.84,611.84,84
2024-03-12,7,977.27,560.27,82
2024-03-13,7,990.16,591.16,79
2024-03-14,7,996.28,675.28,82
2024-03-15,7,991.21,512.21,79
2024-03-16,7,994.14,515.14,81
2024-03-17,7,996.96,586.96,80
2024-03-18,7,1000.75,537.75,82
2024-03-19,7,977.07,605.07,83
2024-03-20,7,981.01,535.01,81
2024-03-21,7,972.2,635.2,77
2024-03-22,7,993.02,624.02,79
2024-03-23,7,995.67,580.67,82
2024-03-24,7,1012.38,634.38,80
2024-03-25,7,1006.35,522.35,77
2024-03-26,7,1001.03,554.03,76
2024-03-27,7,1030.92,722.92,79
2024-03-28,7,1039.65,708.65,76
2024-03-29,7,1025.35,594.35,77
2024-03-30,7,1043.29,694.29,79
2024-03-31,7,1032.63,651.63,81
2024-04-01,7,1037.14,733.14,77
2024-04-02,7,1073.88,626.88,76
2024-04-03,7,1045.25,659.25,78
2024-04-04,7,1041.73,616.73,78
2024-04-05,7,1049.9,675.9,78
2024-04-06,7,1065.19,601.19,78
2024-04-07,7,1040.37,719.37,77
2024-04-08,7,1009.65,524.65,76
2024-04-09,7,1031.47,664.47,82
2024-04-10,7,1017.06,674.06,81
2024-04-11,7,1001.81,668.81,78
2024-04-12,7,1032.82,656.82,79
2024-04-13,7,1034.21,693.21,80
2024-04-14,7,1035.74,599.74,80
2024-04-15,7,1032.14,627.14,79
2024-04-16,7,1007.66,613.66,79
2024-04-17,7,1021.18,587.18,82
2024-04-18,7,1029.37,662.37,79
2024-04-19,7,1032.74,586.74,77
2024-04-20,7,1030.41,572.41,80
2024-04-21,7,1024.57,597.57,79
2024-04-22,7,1042.82,580.82,79
2024-04-23,7,1039.99,555.99,78
2024-04-24,7,1038.71,654.71,79
2024-04-25,7,1049.31,561.31,76
2024-04-26,7,1053.47,595.47,74
2024-04-27,7,1086.31,704.31,79
2024-04-28,7,1051.08,657.08,78
2024-04-29,7,1057.08,577.08,79
2024-04-30,7,1042.97,711.97,74
2024-05-01,7,1024.13,659.13,81
2024-05-02,7,1014.99,528.99,78
2024-05-03,7,1016.08,601.08,78
2024-05-04,7,1018.06,581.06,79
2024-05-05,7,987.72,558.72,79
2024-05-06,7,976.89,500.0,81
2024-05-07,7,982.52,623.52,81
2024-05-08,7,964.98,648.98,84
2024-05-09,7,942.68,547.68,86
2024-05-10,7,897.56,500.0,88
2024-05-11,7,884.3,569.3,81
2024-05-12,7,861.31,516.31,85
2024-05-13,7,841.63,500.0,83
2024-05-14,7,836.19,500.0,86
2024-05-15,7,824.19,500.0,87
2024-05-16,7,800.87,500.0,91
2024-05-17,7,758.55,500.0,91
2024-05-18,7,764.6,500.0,91
2024-05-19,7,779.66,500.0,91
2024-05-20,7,771.72,500.0,88
2024-05-21,7,766.4,500.0,90
2024-05-22,7,766.46,500.0,91
2024-05-23,7,798.04,500.0,90
2024-05-24,7,766.68,500.0,92
2024-05-25,7,758.39,500.0,95
2024-05-26,7,723.95,500.0,96
2024-05-27,7,731.2,500.0,92
2024-05-28,7,728.32,500.0,93
2024-05-29,7,732.38,500.0,93
2024-05-30,7,735.44,500.0,92
2024-05-31,7,755.26,500.0,93
2024-06-01,7,766.02,500.0,88
2024-06-02,7,782.63,500.0,93
2024-06-03,7,761.32,500.0,95
2024-06-04,7,785.18,500.0,90
2024-06-05,7,770.74,500.0,91
2024-06-06,7,757.44,500.0,92
2024-06-07,7,762.85,500.0,94
2024-06-08,7,768.89,500.0,91
2024-06-09,7,747.46,500.0,94
2024-06-10,7,743.99,500.0,94
2024-06-11,7,773.75,500.0,96
2024-06-12,7,744.39,500.0,92
2024-06-13,7,774.09,500.0,87
2024-06-14,7,769.26,500.0,89
2024-06-15,7,722.5,500.0,94
2024-06-16,7,695.17,500.0,97
2024-06-17,7,675.9,500.0,95
2024-06-18,7,663.42,500.0,96
2024-06-19,7,661.33,500.0,98
2024-06-20,7,607.26,500.0,98
2024-06-21,7,610.99,500.0,98
2024-06-22,7,589.89,500.0,98
2024-06-23,7,617.7,500.0,100
2024-06-24,7,612.3,500.0,100
2024-06-25,7,631.15,500.0,95
2024-06-26,7,653.36,500.0,97
2024-06-27,7,675.03,500.0,99
2024-06-28,7,663.7,500.0,98
2024-06-29,7,652.12,500.0,96
2024-06-30,7,647.62,500.0,95
2024-07-01,7,660.34,500.0,99
2024-07-02,7,650.13,500.0,98
2024-07-03,7,647.74,500.0,95
2024-07-04,7,653.21,500.0,100
2024-07-05,7,635.12,500.0,95
2024-07-06,7,615.75,500.0,99
2024-07-07,7,612.59,500.0,99
2024-07-08,7,612.07,500.0,100
2024-07-09,7,620.75,500.0,98
2024-07-10,7,634.19,500.0,98
2024-07-11,7,612.21,500.0,97
2024-07-12,7,595.96,500.0,99
2024-07-13,7,576.55,500.0,100
2024-07-14,7,604.8,500.0,98
2024-07-15,7,602.39,500.0,100
2024-01-01,8,951.32,553.32,85
2024-01-02,8,921.11,540.11,82
2024-01-03,8,918.89,544.89,89
2024-01-04,8,921.32,504.32,85
2024-01-05,8,916.65,533.65,90
2024-01-06,8,915.83,500.0,86
2024-01-07,8,907.65,539.65,83
2024-01-08,8,907.28,549.28,86
2024-01-09,8,915.96,500.0,86
2024-01-10,8,924.51,500.0,85
2024-01-11,8,910.73,500.73,86
2024-01-12,8,929.03,568.03,85
2024-01-13,8,932.17,500.0,81
2024-01-14,8,956.81,529.81,80
2024-01-15,8,985.47,581.47,79
2024-01-16,8,956.62,589.62,82
2024-01-17,8,939.44,625.44,83
2024-01-18,8,955.71,500.0,80
2024-01-19,8,922.41,588.41,85
2024-01-20,8,950.81,500.0,83
2024-01-21,8,943.94,630.94,83
2024-01-22,8,955.44,500.0,82
2024-01-23,8,953.11,552.11,82
2024-01-24,8,925.26,526.26,82
2024-01-25,8,946.37,640.37,85
2024-01-26,8,1001.39,672.39,79
2024-01-27,8,991.09,643.09,81
2024-01-28,8,984.64,541.64,84
2024-01-29,8,931.66,521.66,83
2024-01-30,8,958.69,500.0,84
2024-01-31,8,976.92,605.92,82
2024-02-01,8,942.25,563.25,84
2024-02-02,8,900.96,518.96,86
2024-02-03,8,861.97,520.97,87
2024-02-04,8,874.88,558.88,86
2024-02-05,8,889.78,500.0,84
2024-02-06,8,871.31,500.0,87
2024-02-07,8,881.29,575.29,85
2024-02-08,8,884.47,500.0,88
2024-02-09,8,877.13,568.13,83
2024-02-10,8,896.53,563.53,86
2024-02-11,8,872.43,537.43,87
2024-02-12,8,895.38,500.0,86
2024-02-13,8,880.81,575.81,88
2024-02-14,8,916.44,500.0,84
2024-02-15,8,896.34,500.0,86
2024-02-16,8,889.3,500.0,82
2024-02-17,8,890.48,562.48,85
2024-02-18,8,891.52,500.0,87
2024-02-19,8,901.34,500.0,82
2024-02-20,8,875.63,500.0,87
2024-02-21,8,874.88,500.0,85
2024-02-22,8,877.64,500.0,86
2024-02-23,8,867.09,500.0,85
2024-02-24,8,875.17,501.17,84
2024-02-25,8,848.24,523.24,88
2024-02-26,8,841.71,500.0,88
2024-02-27,8,826.65,500.0,90
2024-02-28,8,820.18,500.0,91
2024-02-29,8,849.12,522.12,90
2024-03-01,8,878.45,500.0,86
2024-03-02,8,903.86,529.86,87
2024-03-03,8,894.61,500.0,83
2024-03-04,8,912.77,500.0,86
2024-03-05,8,915.01,538.01,85
2024-03-06,8,915.92,500.0,85
2024-03-07,8,914.38,525.38,85
2024-03-08,8,949.55,500.0,81
2024-03-09,8,976.86,656.86,79
2024-03-10,8,991.76,638.76,84
2024-03-11,8,988.35,505.35,80
2024-03-12,8,989.15,587.15,80
2024-03-13,8,999.76,641.76,78
2024-03-14,8,989.32,618.32,78
2024-03-15,8,1008.09,530.09,79
2024-03-16,8,989.67,670.67,80
2024-03-17,8,997.5,586.5,80
2024-03-18,8,951.71,593.71,83
2024-03-19,8,940.7,570.7,88
2024-03-20,8,982.25,546.25,80
2024-03-21,8,1002.97,594.97,83
2024-03-22,8,1033.68,605.68,82
2024-03-23,8,1020.34,564.34,80
2024-03-24,8,1022.41,532.41,78
2024-03-25,8,1048.05,549.05,75
2024-03-26,8,1060.71,705.71,78
2024-03-27,8,1070.89,575.89,78
2024-03-28,8,1103.5,769.5,78
2024-03-29,8,1082.69,660.69,74
2024-03-30,8,1079.0,649.0,76
2024-03-31,8,1043.92,640.92,76
2024-04-01,8,1022.02,716.02,78
2024-04-02,8,1043.5,717.5,79
2024-04-03,8,1025.16,725.16,77
2024-04-04,8,1039.87,541.87,76
2024-04-05,8,1073.04,602.04,78
2024-04-06,8,1069.48,683.48,77
2024-04-07,8,1079.87,739.87,77
2024-04-08,8,1094.74,672.74,74
2024-04-09,8,1070.31,696.31,79
2024-04-10,8,1057.98,716.98,77
2024-04-11,8,1037.91,621.91,83
2024-04-12,8,1027.17,567.17,79
2024-04-13,8,1041.5,564.5,73
2024-04-14,8,1029.59,667.59,74
2024-04-15,8,1028.89,564.89,80
2024-04-16,8,1008.04,522.04,82
2024-04-17,8,1032.57,606.57,77
2024-04-18,8,1021.67,546.67,83
2024-04-19,8,1052.13,620.13,81
2024-04-20,8,1053.34,706.34,78
2024-04-21,8,1025.2,723.2,80
2024-04-22,8,1021.78,606.78,81
2024-04-23,8,1000.53,526.53,84
2024-04-24,8,1012.32,523.32,81
2024-04-25,8,1007.09,609.09,80
2024-04-26,8,1010.35,595.35,81
2024-04-27,8,1002.97,689.97,81
2024-04-28,8,991.86,501.86,82
2024-04-29,8,972.39,561.39,78
2024-04-30,8,989.11,629.11,81
2024-05-01,8,985.65,527.65,82
2024-05-02,8,979.35,585.35,81
2024-05-03,8,975.39,659.39,83
2024-05-04,8,961.81,538.81,86
2024-05-05,8,955.59,632.59,82
2024-05-06,8,959.7,544.7,83
2024-05-07,8,939.01,500.0,86
2024-05-08,8,921.23,540.23,84
2024-05-09,8,948.79,599.79,81
2024-05-10,8,941.54,563.54,84
2024-05-11,8,930.51,552.51,79
2024-05-12,8,903.63,534.63,80
2024-05-13,8,920.64,594.64,85
2024-05-14,8,899.52,585.52,80
2024-05-15,8,899.22,550.22,82
2024-05-16,8,865.06,530.06,86
2024-05-17,8,881.42,574.42,84
2024-05-18,8,904.96,526.96,84
2024-05-19,8,914.65,500.0,86
2024-05-20,8,883.96,500.0,86
2024-05-21,8,900.73,554.73,83
2024-05-22,8,884.18,500.0,88
2024-05-23,8,860.77,500.0,84
2024-05-24,8,853.1,500.0,88
2024-05-25,8,845.03,500.0,85
2024-05-26,8,834.93,500.0,89
2024-05-27,8,860.4,500.0,86
2024-05-28,8,900.64,588.64,87
2024-05-29,8,873.26,573.26,88
2024-05-30,8,859.48,526.48,86
2024-05-31,8,862.33,500.0,85
2024-06-01,8,854.56,500.0,87
2024-06-02,8,862.55,500.0,91
2024-06-03,8,880.87,500.0,89
2024-06-04,8,895.85,503.85,83
2024-06-05,8,908.05,511.05,86
2024-06-06,8,941.23,560.23,79
2024-06-07,8,909.45,500.0,84
2024-06-08,8,939.05,500.0,81
2024-06-09,8,930.79,500.0,86
2024-06-10,8,946.5,500.0,80
2024-06-11,8,925.9,588.9,85
2024-06-12,8,907.73,594.73,85
2024-06-13,8,920.98,500.0,84
2024-06-14,8,882.4,500.0,89
2024-06-15,8,902.19,549.19,88
2024-06-16,8,927.39,500.0,83
2024-06-17,8,930.94,530.94,83
2024-06-18,8,933.78,545.78,80
2024-06-19,8,917.11,562.11,84
2024-06-20,8,930.6,537.6,87
2024-06-21,8,937.55,545.55,83
2024-06-22,8,919.12,536.12,86
2024-06-23,8,911.29,527.29,82
2024-06-24,8,908.1,500.0,84
2024-06-25,8,900.25,579.25,86
2024-06-26,8,872.99,538.99,87
2024-06-27,8,886.97,571.97,87
2024-06-28,8,882.1,533.1,85
2024-06-29,8,882.41,500.0,82
2024-06-30,8,870.84,500.0,89
2024-07-01,8,880.35,500.0,84
2024-07-02,8,884.32,500.0,87
2024-07-03,8,908.58,592.58,85
2024-07-04,8,918.19,539.19,81
2024-07-05,8,914.13,500.0,86
2024-07-06,8,899.34,500.0,84
2024-07-07,8,916.66,500.0,84
2024-07-08,8,911.01,527.01,84
2024-07-09,8,907.57,500.0,88
2024-07-10,8,904.13,511.13,87
2024-07-11,8,896.1,500.0,82
2024-07-12,8,893.01,513.01,90
2024-07-13,8,931.54,563.54,82
2024-07-14,8,910.58,542.58,89
2024-07-15,8,894.29,500.0,85
2024-01-01,9,993.18,619.18,80
2024-01-02,9,988.24,647.24,75
2024-01-03,9,980.22,515.22,82
2024-01-04,9,1030.71,663.71,79
2024-01-05,9,1029.18,549.18,76
2024-01-06,9,1023.13,691.13,77
2024-01-07,9,1024.67,654.67,77
2024-01-08,9,1005.33,650.33,80
2024-01-09,9,1037.27,633.27,77
2024-01-10,9,1007.85,508.85,81
2024-01-11,9,995.57,595.57,75
2024-01-12,9,1014.3,664.3,78
2024-01-13,9,1015.15,642.15,77
2024-01-14,9,1026.13,556.13,78
2024-01-15,9,1056.8,636.8,76
2024-01-16,9,1076.87,634.87,78
2024-01-17,9,1079.62,614.62,72
2024-01-18,9,1121.41,679.41,74
2024-01-19,9,1108.84,804.84,76
2024-01-20,9,1106.84,724.84,78
2024-01-21,9,1106.23,625.23,74
2024-01-22,9,1104.18,754.18,75
2024-01-23,9,1082.79,773.79,72
2024-01-24,9,1051.12,612.12,73
2024-01-25,9,1059.47,756.47,79
2024-01-26,9,1046.8,652.8,78
2024-01-27,9,1084.95,639.95,78
2024-01-28,9,1083.5,704.5,73
2024-01-29,9,1078.47,743.47,77
2024-01-30,9,1100.36,776.36,79
2024-01-31,9,1108.4,711.4,75
2024-02-01,9,1104.89,641.89,75
2024-02-02,9,1092.08,692.08,75
2024-02-03,9,1165.23,671.23,69
2024-02-04,9,1172.47,864.47,74
2024-02-05,9,1194.16,834.16,69
2024-02-06,9,1173.7,821.7,72
2024-02-07,9,1162.14,717.14,69
2024-02-08,9,1204.38,734.38,67
2024-02-09,9,1232.32,770.32,71
2024-02-10,9,1241.47,879.47,67
2024-02-11,9,1233.84,813.84,71
2024-02-12,9,1229.16,825.16,68
2024-02-13,9,1215.64,912.64,66
2024-02-14,9,1192.5,800.5,72
2024-02-15,9,1210.98,742.98,68
2024-02-16,9,1221.76,749.76,70
2024-02-17,9,1236.48,759.48,68
2024-02-18,9,1229.74,902.74,65
2024-02-19,9,1234.85,765.85,69
2024-02-20,9,1226.21,847.21,73
2024-02-21,9,1211.67,836.67,70
2024-02-22,9,1245.01,830.01,68
2024-02-23,9,1247.44,879.44,70
2024-02-24,9,1257.59,860.59,68
2024-02-25,9,1274.3,974.3,67
2024-02-26,9,1276.98,810.98,64
2024-02-27,9,1281.8,886.8,66
2024-02-28,9,1260.06,944.06,69
2024-02-29,9,1242.14,831.14,66
2024-03-01,9,1223.18,833.18,72
2024-03-02,9,1235.29,848.29,68
2024-03-03,9,1236.71,774.71,66
2024-03-04,9,1218.79,745.79,71
2024-03-05,9,1230.39,761.39,68
2024-03-06,9,1241.26,775.26,69
2024-03-07,9,1227.36,838.36,68
2024-03-08,9,1226.81,878.81,69
2024-03-09,9,1237.75,748.75,69
2024-03-10,9,1220.58,883.58,70
2024-03-11,9,1231.91,781.91,64
2024-03-12,9,1237.93,788.93,66
2024-03-13,9,1217.94,786.94,71
2024-03-14,9,1222.34,746.34,69
2024-03-15,9,1229.65,871.65,67
2024-03-16,9,1217.13,717.13,66
2024-03-17,9,1206.19,839.19,68
2024-03-18,9,1186.02,688.02,67
2024-03-19,9,1177.04,748.04,71
2024-03-20,9,1176.8,828.8,70
2024-03-21,9,1165.91,740.91,70
2024-03-22,9,1136.21,678.21,73
2024-03-23,9,1122.44,712.44,75
2024-03-24,9,1114.09,647.09,78
2024-03-25,9,1130.43,783.43,70
2024-03-26,9,1142.32,792.32,75
2024-03-27,9,1159.05,817.05,74
2024-03-28,9,1144.27,747.27,71
2024-03-29,9,1147.1,665.1,73
2024-03-30,9,1098.64,622.64,74
2024-03-31,9,1107.21,684.21,75
2024-04-01,9,1119.43,740.43,77
2024-04-02,9,1112.4,628.4,76
2024-04-03,9,1118.31,708.31,75
2024-04-04,9,1088.01,646.01,75
2024-04-05,9,1071.99,745.99,73
2024-04-06,9,1087.3,592.3,75
2024-04-07,9,1097.52,606.52,78
2024-04-08,9,1089.29,632.29,72
2024-04-09,9,1105.51,642.51,73
2024-04-10,9,1108.28,614.28,75
2024-04-11,9,1098.19,686.19,73
2024-04-12,9,1094.54,709.54,74
2024-04-13,9,1085.43,672.43,75
2024-04-14,9,1061.75,638.75,74
2024-04-15,9,1086.89,738.89,74
2024-04-16,9,1075.53,700.53,78
2024-04-17,9,1058.88,704.88,74
2024-04-18,9,1028.29,673.29,75
2024-04-19,9,975.57,500.0,80
2024-04-20,9,989.6,595.6,82
2024-04-21,9,1005.48,662.48,79
2024-04-22,9,1029.34,571.34,78
2024-04-23,9,1026.36,541.36,79
2024-04-24,9,1019.92,633.92,76
2024-04-25,9,1009.76,529.76,81
2024-04-26,9,1001.43,618.43,81
2024-04-27,9,1023.83,573.83,78
2024-04-28,9,1023.3,568.3,81
2024-04-29,9,1030.86,715.86,76
2024-04-30,9,1022.02,558.02,81
2024-05-01,9,1048.43,600.43,78
2024-05-02,9,1010.34,566.34,79
2024-05-03,9,985.93,649.93,81
2024-05-04,9,993.52,617.52,80
2024-05-05,9,1028.54,582.54,81
2024-05-06,9,1024.03,567.03,77
2024-05-07,9,1007.19,663.19,78
2024-05-08,9,1027.2,582.2,81
2024-05-09,9,1033.67,672.67,77
2024-05-10,9,1059.48,596.48,79
2024-05-11,9,1033.67,634.67,82
2024-05-12,9,1057.9,706.9,76
2024-05-13,9,1026.93,708.93,80
2024-05-14,9,1021.17,613.17,77
2024-05-15,9,1029.43,686.43,80
2024-05-16,9,1033.15,727.15,79
2024-05-17,9,1054.36,583.36,78
2024-05-18,9,1017.83,601.83,78
2024-05-19,9,1020.65,653.65,76
2024-05-20,9,1044.64,711.64,79
2024-05-21,9,1045.82,552.82,74
2024-05-22,9,1022.98,654.98,78
2024-05-23,9,1043.13,689.13,80
2024-05-24,9,1030.16,721.16,79
2024-05-25,9,1013.68,672.68,83
2024-05-26,9,994.67,654.67,82
2024-05-27,9,990.7,500.0,79
2024-05-28,9,994.36,573.36,80
2024-05-29,9,968.98,531.98,81
2024-05-30,9,947.7,638.7,79
2024-05-31,9,933.82,532.82,81
2024-06-01,9,914.72,500.0,83
2024-06-02,9,915.45,500.0,80
2024-06-03,9,922.68,500.0,84
2024-06-04,9,927.15,500.0,83
2024-06-05,9,931.66,500.0,80
2024-06-06,9,965.08,500.0,83
2024-06-07,9,973.55,582.55,83
2024-06-08,9,989.23,577.23,81
2024-06-09,9,980.94,603.94,80
2024-06-10,9,999.82,615.82,81
2024-06-11,9,990.57,661.57,82
2024-06-12,9,998.8,650.8,81
2024-06-13,9,971.37,663.37,80
2024-06-14,9,974.7,530.7,82
2024-06-15,9,955.19,587.19,85
2024-06-16,9,973.91,616.91,80
2024-06-17,9,991.43,507.43,85
2024-06-18,9,982.1,621.1,80
2024-06-19,9,1023.09,672.09,79
2024-06-20,9,1017.37,529.37,78
2024-06-21,9,985.13,646.13,81
2024-06-22,9,969.55,504.55,78
2024-06-23,9,948.67,500.0,81
2024-06-24,9,956.26,594.26,80
2024-06-25,9,931.55,500.0,84
2024-06-26,9,920.77,571.77,86
2024-06-27,9,927.06,500.0,85
2024-06-28,9,929.83,500.0,79
2024-06-29,9,929.58,552.58,88
2024-06-30,9,932.1,536.1,84
2024-07-01,9,924.69,500.0,82
2024-07-02,9,892.61,550.61,86
2024-07-03,9,884.68,500.0,86
2024-07-04,9,894.05,559.05,84
2024-07-05,9,891.31,500.0,86
2024-07-06,9,899.14,500.0,84
2024-07-07,9,887.41,578.41,85
2024-07-08,9,907.29,513.29,83
2024-07-09,9,856.17,551.17,84
2024-07-10,9,858.99,502.99,87
2024-07-11,9,885.97,500.0,87
2024-07-12,9,915.93,545.93,85
2024-07-13,9,911.29,500.0,86
2024-07-14,9,884.77,564.77,86
2024-07-15,9,912.1,521.1,83
2024-01-01,10,1016.79,519.79,80
2024-01-02,10,989.64,572.64,81
2024-01-03,10,971.63,617.63,80
2024-01-04,10,952.35,586.35,83
2024-01-05,10,973.95,533.95,83
2024-01-06,10,992.8,690.8,80
2024-01-07,10,1002.55,677.55,80
2024-01-08,10,1023.99,667.99,78
2024-01-09,10,1006.4,581.4,80
2024-01-10,10,1013.37,562.37,80
2024-01-11,10,1010.87,658.87,78
2024-01-12,10,1027.81,530.81,76
2024-01-13,10,1025.5,683.5,81
2024-01-14,10,1017.8,530.8,80
2024-01-15,10,1028.62,543.62,77
2024-01-16,10,1046.15,698.15,78
2024-01-17,10,1032.78,691.78,75
2024-01-18,10,1031.56,538.56,74
2024-01-19,10,1010.39,700.39,82
2024-01-20,10,960.43,558.43,82
2024-01-21,10,964.44,567.44,82
2024-01-22,10,976.61,531.61,82
2024-01-23,10,981.86,597.86,87
2024-01-24,10,942.86,543.86,85
2024-01-25,10,935.85,532.85,81
2024-01-26,10,891.48,500.0,82
2024-01-27,10,918.87,573.87,86
2024-01-28,10,897.15,554.15,87
2024-01-29,10,922.26,601.26,85
2024-01-30,10,941.18,500.0,81
2024-01-31,10,923.17,500.0,85
2024-02-01,10,900.51,500.0,84
2024-02-02,10,907.52,500.0,86
2024-02-03,10,890.63,500.0,87
2024-02-04,10,892.68,563.68,84
2024-02-05,10,883.03,576.03,88
2024-02-06,10,847.4,500.0,88
2024-02-07,10,802.79,500.0,91
2024-02-08,10,807.33,500.0,87
2024-02-09,10,796.1,500.0,91
2024-02-10,10,785.03,500.0,89
2024-02-11,10,798.95,500.0,91
2024-02-12,10,822.42,500.0,92
2024-02-13,10,816.97,500.0,90
2024-02-14,10,810.16,506.16,88
2024-02-15,10,820.16,500.0,90
2024-02-16,10,793.02,500.0,91
2024-02-17,10,797.48,500.0,94
2024-02-18,10,808.52,500.0,90
2024-02-19,10,822.13,500.0,88
2024-02-20,10,783.39,500.0,92
2024-02-21,10,768.16,500.0,91
2024-02-22,10,750.6,500.0,93
2024-02-23,10,752.6,500.0,91
2024-02-24,10,762.21,500.0,92
2024-02-25,10,792.15,500.0,90
2024-02-26,10,782.25,500.0,91
2024-02-27,10,772.3,500.0,90
2024-02-28,10,795.29,500.0,91
2024-02-29,10,801.22,500.0,88
2024-03-01,10,826.57,500.0,86
2024-03-02,10,832.35,500.35,90
2024-03-03,10,809.21,500.0,91
2024-03-04,10,782.54,500.0,88
2024-03-05,10,751.51,500.0,89
2024-03-06,10,764.75,500.0,90
2024-03-07,10,788.53,500.0,90
2024-03-08,10,825.51,500.51,91
2024-03-09,10,842.38,500.0,88
2024-03-10,10,865.63,554.63,85
2024-03-11,10,854.03,500.0,88
2024-03-12,10,830.9,500.0,88
2024-03-13,10,847.9,500.0,85
2024-03-14,10,856.26,500.0,84
2024-03-15,10,858.41,500.0,84
2024-03-16,10,866.15,500.0,92
2024-03-17,10,872.62,547.62,88
2024-03-18,10,898.29,500.0,84
2024-03-19,10,924.19,603.19,86
2024-03-20,10,935.08,623.08,82
2024-03-21,10,951.99,500.0,85
2024-03-22,10,962.28,502.28,82
2024-03-23,10,953.05,547.05,81
2024-03-24,10,968.18,646.18,83
2024-03-25,10,940.29,544.29,83
2024-03-26,10,961.37,644.37,83
2024-03-27,10,937.48,521.48,84
2024-03-28,10,943.2,614.2,83
2024-03-29,10,926.29,601.29,85
2024-03-30,10,937.36,500.0,88
2024-03-31,10,936.68,598.68,86
2024-04-01,10,904.79,500.0,85
2024-04-02,10,913.2,500.0,84
2024-04-03,10,901.64,500.0,85
2024-04-04,10,919.27,500.0,82
2024-04-05,10,919.29,500.0,85
2024-04-06,10,927.2,500.0,82
2024-04-07,10,908.05,500.0,84
2024-04-08,10,896.26,500.0,87
2024-04-09,10,887.09,542.09,85
2024-04-10,10,904.23,555.23,84
2024-04-11,10,937.77,500.0,81
2024-04-12,10,921.67,516.67,86
2024-04-13,10,943.21,500.0,81
2024-04-14,10,899.81,500.0,84
2024-04-15,10,875.93,500.0,83
2024-04-16,10,856.75,500.0,87
2024-04-17,10,829.7,500.0,88
2024-04-18,10,798.03,500.0,90
2024-04-19,10,806.29,500.0,87
2024-04-20,10,802.01,500.0,91
2024-04-21,10,809.6,500.0,86
2024-04-22,10,823.41,500.0,89
2024-04-23,10,828.72,500.0,89
2024-04-24,10,841.88,536.88,88
2024-04-25,10,840.48,515.48,88
2024-04-26,10,816.74,500.0,91
2024-04-27,10,837.9,500.0,91
2024-04-28,10,826.12,500.0,88
2024-04-29,10,807.41,500.0,88
2024-04-30,10,803.85,500.0,91
2024-05-01,10,785.59,500.0,90
2024-05-02,10,777.24,500.0,94
2024-05-03,10,784.12,500.0,90
2024-05-04,10,791.09,500.0,89
2024-05-05,10,773.14,500.0,92
2024-05-06,10,763.38,500.0,88
2024-05-07,10,784.87,500.0,90
2024-05-08,10,794.8,500.0,90
2024-05-09,10,836.3,500.0,89
2024-05-10,10,859.9,500.0,85
2024-05-11,10,882.79,574.79,84
2024-05-12,10,855.03,500.0,90
2024-05-13,10,870.31,519.31,86
2024-05-14,10,869.24,500.0,88
2024-05-15,10,858.22,500.0,86
2024-05-16,10,861.58,549.58,87
2024-05-17,10,880.49,530.49,86
2024-05-18,10,890.5,500.0,89
2024-05-19,10,872.94,539.94,86
2024-05-20,10,887.78,553.78,85
2024-05-21,10,875.03,500.0,88
2024-05-22,10,879.37,500.0,85
2024-05-23,10,873.3,500.0,87
2024-05-24,10,868.92,500.0,89
2024-05-25,10,884.25,500.0,85
2024-05-26,10,863.44,500.0,88
2024-05-27,10,902.35,500.0,88
2024-05-28,10,865.93,500.0,89
2024-05-29,10,853.97,500.0,88
2024-05-30,10,861.38,500.0,86
2024-05-31,10,873.06,500.0,85
2024-06-01,10,871.05,500.0,84
2024-06-02,10,869.9,503.9,90
2024-06-03,10,878.12,500.0,89
2024-06-04,10,873.49,500.0,85
2024-06-05,10,901.36,508.36,86
2024-06-06,10,918.15,500.0,84
2024-06-07,10,935.6,500.0,86
2024-06-08,10,916.28,500.0,85
2024-06-09,10,914.69,524.69,84
2024-06-10,10,908.68,517.68,83
2024-06-11,10,888.57,526.57,86
2024-06-12,10,895.77,567.77,85
2024-06-13,10,885.02,574.02,86
2024-06-14,10,898.13,522.13,85
2024-06-15,10,876.72,536.72,85
2024-06-16,10,911.1,500.0,82
2024-06-17,10,893.18,557.18,86
2024-06-18,10,897.56,500.0,85
2024-06-19,10,913.4,500.0,88
2024-06-20,10,901.99,578.99,83
2024-06-21,10,919.04,521.04,85
2024-06-22,10,894.45,500.0,85
2024-06-23,10,923.5,524.5,88
2024-06-24,10,923.78,500.0,85
2024-06-25,10,911.85,554.85,85
2024-06-26,10,905.87,500.0,85
2024-06-27,10,922.05,594.05,82
2024-06-28,10,910.36,500.0,85
2024-06-29,10,895.37,500.0,82
2024-06-30,10,890.94,531.94,83
2024-07-01,10,867.4,500.0,89
2024-07-02,10,903.81,562.81,81
2024-07-03,10,892.48,550.48,85
2024-07-04,10,909.12,536.12,82
2024-07-05,10,913.3,500.0,84
2024-07-06,10,893.61,500.0,86
2024-07-07,10,893.49,500.0,87
2024-07-08,10,909.17,546.17,87
2024-07-09,10,905.41,604.41,83
2024-07-10,10,929.27,500.0,83
2024-07-11,10,949.7,584.7,91
2024-07-12,10,968.08,503.08,81
2024-07-13,10,958.89,628.89,80
2024-07-14,10,937.29,523.29,82
2024-07-15,10,925.02,600.02,83
